Date,Open,High,Low,Close,Adj Close,Volume
2002-07-01,80.653297,80.653297,79.080002,79.866699,38.65131,339525.0
2002-07-02,80.746696,83.493301,80.266701,81.786697,39.580482,1022689.0
2002-07-03,82.133301,83.573303,80.266701,80.813301,39.109413,542205.0
2002-07-04,81.333298,81.786697,79.599998,79.879997,38.657734,316785.0
2002-07-05,81.013298,81.066704,80.0,80.706703,39.057816,175020.0
2002-07-08,80.800003,81.199997,80.026703,80.733299,39.070686,124980.0
2002-07-09,81.386703,81.386703,78.959999,79.32,38.38673,257059.0
2002-07-10,79.68,80.213303,78.666702,78.866699,38.167358,194610.0
2002-07-11,79.32,79.32,77.760002,78.386703,37.935062,123458.0
2002-07-12,79.146698,80.0,77.599998,77.933296,37.715641,95138.0
2002-07-15,78.266701,78.426697,75.466698,75.720001,36.644516,261131.0
2002-07-16,75.466698,77.866699,74.933296,75.386703,36.483215,265039.0
2002-07-17,76.213303,78.533302,74.133301,75.786697,36.676792,544609.0
2002-07-18,75.333298,77.866699,74.693298,77.293297,37.40591,156139.0
2002-07-19,76.533302,77.839996,74.933296,76.080002,36.818733,225304.0
2002-07-22,75.266701,76.533302,75.0,75.4133,36.496094,248378.0
2002-07-23,75.706703,75.733299,74.666702,75.213303,36.3993,100320.0
2002-07-24,75.199997,75.333298,74.666702,74.800003,36.199287,293288.0
2002-07-25,76.0,76.0,71.213303,72.040001,34.863575,400811.0
2002-07-26,72.0,73.066704,70.666702,71.066704,34.39257,247980.0
2002-07-29,71.68,73.866699,68.800003,71.959999,34.824875,673928.0
2002-07-30,73.333298,73.333298,71.466698,71.653297,34.676449,102758.0
2002-07-31,71.946701,73.333298,67.733299,72.480003,35.076534,170194.0
2002-08-01,70.133301,72.800003,69.333298,71.68,34.689354,81139.0
2002-08-02,70.666702,73.199997,70.666702,72.0,34.844227,97474.0
2002-08-05,72.533302,72.533302,70.333298,70.5867,34.160267,265901.0
2002-08-06,68.026703,71.760002,68.026703,71.533302,34.618374,114330.0
2002-08-07,72.0,72.919998,71.653297,72.0933,34.889389,80501.0
2002-08-08,72.746696,72.746696,71.199997,71.266701,34.489349,52496.0
2002-08-09,70.933296,71.733299,70.666702,71.506699,34.605499,40399.0
2002-08-12,71.199997,73.066704,70.706703,71.893303,34.792591,259076.0
2002-08-13,73.333298,73.826698,71.746696,72.040001,34.863575,68989.0
2002-08-14,72.239998,72.4533,71.333298,71.959999,34.824875,44850.0
2002-08-16,72.213303,72.400002,71.266701,71.4533,34.579666,40950.0
2002-08-19,74.613297,75.199997,69.9067,70.2267,33.98605,312540.0
2002-08-20,74.400002,74.400002,68.013298,68.733299,33.263313,442440.0
2002-08-21,68.0,69.720001,67.466698,69.386703,33.579533,265838.0
2002-08-22,69.800003,69.800003,68.866699,69.026703,33.405312,161940.0
2002-08-23,69.266701,69.813301,68.720001,69.106697,33.444031,102060.0
2002-08-26,69.5467,70.626701,69.0933,69.266701,33.52145,109072.0
2002-08-27,69.813301,70.133301,68.693298,68.879997,33.334316,66570.0
2002-08-28,69.279999,70.519997,68.879997,69.919998,33.83762,115582.0
2002-08-29,70.133301,71.919998,69.866699,71.213303,34.463509,175436.0
2002-08-30,71.599998,72.533302,70.466698,72.160004,34.921658,81195.0
2002-09-02,72.800003,73.333298,70.973297,72.626701,35.147522,181069.0
2002-09-03,73.0,73.853302,72.053299,73.133301,35.392689,132484.0
2002-09-04,73.053299,75.466698,71.199997,74.0,35.812134,220294.0
2002-09-05,74.400002,75.199997,74.133301,74.9067,36.250919,215794.0
2002-09-06,71.733299,75.066704,71.733299,74.386703,35.999271,128869.0
2002-09-09,70.639999,70.639999,65.333298,67.026703,37.475327,340901.0
2002-09-11,65.813301,67.973297,65.813301,66.5867,37.229313,218242.0
2002-09-12,66.933296,67.599998,66.559998,67.133301,37.534927,164962.0
2002-09-13,68.266701,68.800003,66.533302,66.786697,37.341133,73110.0
2002-09-16,67.733299,67.733299,61.0667,62.826698,35.12706,324499.0
2002-09-17,61.333302,66.4533,59.733299,61.306702,34.27721,248299.0
2002-09-18,62.119999,64.506699,61.626701,62.639999,35.022667,443336.0
2002-09-19,63.4533,63.466702,61.173302,61.986698,34.65741,113820.0
2002-09-20,60.533298,63.439999,60.533298,62.7733,35.09721,56636.0
2002-09-23,65.066704,65.066704,62.266701,63.013302,35.231388,38550.0
2002-09-24,62.346699,63.599998,62.293301,62.880001,35.156857,30049.0
2002-09-25,61.599998,63.599998,61.599998,62.813301,35.119564,14782.0
2002-09-26,62.666698,63.200001,62.466702,62.759998,35.089775,19672.0
2002-09-27,62.32,63.599998,62.133301,63.0667,35.261234,26899.0
2002-09-30,64.266701,64.266701,60.533298,60.9333,34.068436,63592.0
2002-10-01,60.799999,62.240002,60.426701,60.626701,33.897018,107044.0
2002-10-03,61.333302,62.080002,60.866699,60.946701,34.075932,49418.0
2002-10-04,61.866699,62.346699,61.0667,62.106701,34.724503,34508.0
2002-10-07,62.666698,66.693298,62.666698,66.040001,36.923649,316624.0
2002-10-08,66.133301,67.173302,65.120003,65.346703,36.536026,128329.0
2002-10-09,70.666702,70.666702,64.866699,65.0933,36.394341,56100.0
2002-10-10,65.253304,65.333298,63.84,64.613297,36.125965,24248.0
2002-10-11,64.0,65.5867,64.0,64.946701,36.312378,32250.0
2002-10-14,64.0,64.800003,63.333302,63.826698,35.686169,20678.0
2002-10-16,63.2267,64.253304,61.946701,62.68,35.045036,39135.0
2002-10-17,62.666698,62.799999,61.893299,62.5867,34.992867,54390.0
2002-10-18,64.746696,64.746696,60.813301,61.293301,34.269718,138341.0
2002-10-21,62.400002,62.9067,61.986698,62.599998,35.000305,12019.0
2002-10-22,61.626701,62.9333,61.626701,62.4533,34.918289,104632.0
2002-10-23,61.333302,62.9333,61.333302,62.5867,34.992867,36728.0
2002-10-24,69.599998,69.599998,62.0,62.666698,35.037598,19039.0
2002-10-25,62.146702,62.9333,62.0,62.533298,34.963024,33712.0
2002-10-28,62.146702,62.9333,62.133301,62.826698,35.12706,16605.0
2002-10-29,62.9333,63.733299,62.400002,63.439999,35.469959,12412.0
2002-10-30,63.733299,65.333298,62.666698,62.986698,35.216522,47055.0
2002-10-31,63.706699,63.720001,62.266701,62.786701,35.104691,53745.0
2002-11-01,63.200001,64.0,61.333302,63.7733,35.656311,22654.0
2002-11-04,64.0,64.266701,63.32,63.360001,35.425247,3169.0
2002-11-05,62.666698,63.706699,62.666698,63.119999,35.291039,10365.0
2002-11-07,61.333302,63.5867,61.333302,63.0,35.223953,34646.0
2002-11-08,62.9333,63.666698,62.4133,63.2533,35.365578,17089.0
2002-11-11,63.84,63.84,62.133301,62.68,35.045036,42060.0
2002-11-12,62.919998,63.266701,62.133301,63.0667,35.261234,22770.0
2002-11-13,62.9333,63.919998,62.720001,63.400002,35.447598,28515.0
2002-11-14,64.266701,64.266701,62.3867,62.439999,34.910847,54101.0
2002-11-15,63.466702,64.0,62.4533,62.693298,35.052471,11048.0
2002-11-18,63.306702,63.333302,62.279999,62.506699,34.948135,51184.0
2002-11-20,63.706699,63.706699,62.6133,63.106701,35.283615,13395.0
2002-11-21,62.9333,63.4533,62.400002,63.080002,35.268684,44730.0
2002-11-22,62.666698,63.400002,62.560001,62.9333,35.186653,66724.0
2002-11-25,62.9333,63.186699,62.400002,62.599998,35.000305,101426.0
2002-11-26,62.693298,63.4133,62.133301,62.400002,34.888489,577342.0
2002-11-27,62.919998,62.919998,62.106701,62.2533,34.806461,150495.0
2002-11-28,64.533302,64.533302,61.9333,62.0,34.664848,60889.0
2002-11-29,62.426701,62.666698,61.360001,62.360001,34.866116,239674.0
2002-12-02,62.693298,67.4133,62.666698,66.506699,37.184586,452220.0
2002-12-03,67.400002,68.533302,66.266701,66.626701,37.251678,167456.0
2002-12-04,66.666702,67.68,65.866699,66.853302,37.378376,54038.0
2002-12-05,68.506699,69.32,66.666702,67.053299,37.490192,164632.0
2002-12-06,69.066704,80.0,69.066704,70.266701,39.286839,805298.0
2002-12-09,71.866699,72.0,64.800003,65.933296,36.863995,564158.0
2002-12-10,67.199997,67.733299,65.333298,67.4133,37.691479,168128.0
2002-12-11,67.506699,69.360001,67.199997,69.0933,38.630787,175702.0
2002-12-12,69.599998,70.0,68.266701,68.533302,38.317684,105101.0
2002-12-13,69.599998,72.933296,62.360001,72.279999,40.412495,326880.0
2002-12-16,64.0,74.760002,64.0,72.066704,40.29324,482944.0
2002-12-17,71.986702,72.0,68.400002,68.946701,38.548817,618668.0
2002-12-18,68.400002,69.306702,64.266701,64.893303,36.282509,321682.0
2002-12-19,65.066704,65.733299,62.400002,62.919998,35.179226,655984.0
2002-12-20,62.946701,66.120003,61.333302,61.7733,34.53809,406050.0
2002-12-23,62.52,62.52,59.826698,60.439999,33.792629,457946.0
2002-12-24,61.293301,63.0667,59.9067,61.986698,34.65741,277688.0
2002-12-26,61.0933,63.200001,60.799999,62.7733,35.09721,122355.0
2002-12-27,63.599998,63.733299,61.893299,62.119999,34.73193,292736.0
2002-12-30,59.240002,61.84,59.240002,61.2533,34.247356,99004.0
2002-12-31,61.5867,62.626701,60.599998,61.16,34.19519,325350.0
2003-01-01,61.826698,62.560001,61.2533,61.626701,34.456135,85369.0
2003-01-02,62.506699,62.506699,59.599998,59.853298,33.464592,383306.0
2003-01-03,60.639999,61.013302,59.400002,59.706699,33.382626,131820.0
2003-01-06,59.493301,60.48,59.119999,59.2533,33.129128,134411.0
2003-01-07,59.2533,60.119999,59.2533,59.693298,33.375145,54761.0
2003-01-08,60.213299,61.0667,59.693298,60.040001,33.568985,178556.0
2003-01-09,60.4533,60.506699,60.0,60.106701,33.606281,139661.0
2003-01-10,60.533298,60.533298,58.146702,58.9333,32.950218,165128.0
2003-01-13,58.919998,59.733299,58.4533,59.506699,33.270817,85830.0
2003-01-14,59.52,59.826698,58.68,59.213299,33.106758,64552.0
2003-01-15,59.733299,59.866699,59.2533,59.786701,33.427357,38666.0
2003-01-16,60.266701,60.266701,58.133301,59.720001,33.390076,84889.0
2003-01-17,60.266701,63.16,59.759998,61.0933,34.157898,554374.0
2003-01-20,62.0667,62.400002,60.32,60.506699,33.829918,229778.0
2003-01-21,61.173302,62.040001,60.9067,61.333302,34.29208,574579.0
2003-01-22,60.266701,62.0,60.266701,61.706699,34.500847,1092619.0
2003-01-23,61.866699,62.639999,61.466702,62.040001,34.687199,496076.0
2003-01-24,62.400002,62.426701,61.133301,61.6133,34.448631,400481.0
2003-01-27,62.133301,62.919998,60.866699,61.16,34.19519,183892.0
2003-01-28,61.466702,63.0667,60.560001,62.626701,35.015228,238065.0
2003-01-29,63.439999,63.439999,62.213299,62.400002,34.888489,162491.0
2003-01-30,62.666698,62.693298,62.0,62.040001,34.687199,36889.0
2003-01-31,61.0667,62.5867,60.799999,62.080002,34.709572,242434.0
2003-02-03,61.333302,62.7467,61.333302,61.986698,34.65741,101948.0
2003-02-04,60.560001,64.666702,60.560001,62.799999,35.112129,440876.0
2003-02-05,63.466702,63.786701,61.866699,61.959999,34.642483,123488.0
2003-02-06,60.533298,62.373299,60.533298,62.0933,34.717007,142661.0
2003-02-07,61.653301,62.0667,61.6133,61.880001,34.597744,39176.0
2003-02-10,62.400002,62.799999,61.599998,62.32,34.84375,105896.0
2003-02-11,62.400002,62.919998,61.68,62.666698,35.037598,265624.0
2003-02-12,62.9067,62.959999,61.639999,62.693298,35.052471,286324.0
2003-02-14,63.946701,63.946701,62.133301,62.826698,35.12706,169684.0
2003-02-17,62.9333,63.706699,62.293301,63.439999,35.469959,440111.0
2003-02-18,63.733299,63.973301,62.799999,63.466702,35.484898,478748.0
2003-02-19,63.733299,64.239998,62.7467,63.52,35.514694,423604.0
2003-02-20,63.6133,63.706699,62.666698,62.946701,35.194157,377539.0
2003-02-21,63.733299,63.733299,62.666698,62.973301,35.209026,259961.0
2003-02-24,63.666698,63.666698,62.666698,62.68,35.045036,132518.0
2003-02-25,62.9333,62.9333,62.16,62.346699,34.858681,59839.0
2003-02-26,62.133301,63.3867,61.880001,62.186699,34.769226,240131.0
2003-02-27,63.68,63.68,60.0,62.7733,35.09721,64560.0
2003-02-28,62.9333,63.4533,62.9067,63.16,35.313416,88372.0
2003-03-03,62.813301,63.439999,62.16,62.32,34.84375,148774.0
2003-03-04,66.666702,66.666702,61.0933,61.266701,34.254841,116921.0
2003-03-05,61.333302,61.333302,59.52,60.240002,33.680798,66506.0
2003-03-06,60.7467,60.799999,60.0,60.106701,33.606281,105240.0
2003-03-07,58.68,60.0,58.400002,58.639999,32.786224,248452.0
2003-03-10,58.786701,59.293301,56.400002,57.146702,31.951311,263205.0
2003-03-11,56.266701,57.573299,55.599998,56.426701,31.548758,430811.0
2003-03-12,57.5467,57.5467,56.0,57.119999,31.936378,519499.0
2003-03-13,57.466702,57.466702,56.186699,57.213299,31.98855,537128.0
2003-03-17,57.0667,57.333302,56.533298,57.213299,31.98855,105802.0
2003-03-19,57.333302,57.866699,57.0667,57.533298,32.167454,73485.0
2003-03-20,58.080002,58.6133,57.0933,58.119999,32.495487,124376.0
2003-03-21,58.266701,58.9333,57.866699,58.639999,32.786224,86108.0
2003-03-24,59.173302,59.200001,57.599998,58.693298,32.816025,266216.0
2003-03-25,57.866699,58.9333,57.866699,58.706699,32.823528,63315.0
2003-03-26,59.200001,60.266701,58.666698,60.026699,33.561546,73729.0
2003-03-27,59.813301,60.119999,58.400002,59.439999,33.233521,269936.0
2003-03-28,58.959999,59.493301,58.133301,58.599998,32.76387,95122.0
2003-03-31,58.666698,58.666698,56.666698,57.919998,32.383675,659835.0
2003-04-01,58.400002,58.653301,57.333302,58.173302,32.525295,98445.0
2003-04-02,58.653301,59.173302,58.439999,58.733299,32.838394,27870.0
2003-04-03,58.9333,59.706699,58.666698,59.0933,33.039677,21615.0
2003-04-04,60.346699,61.333302,59.200001,60.4133,33.777699,44865.0
2003-04-07,60.5467,61.866699,60.533298,61.2533,34.247356,58192.0
2003-04-08,61.333302,61.826698,60.799999,61.32,34.284634,151942.0
2003-04-09,61.333302,63.040001,59.880001,61.333302,34.29208,411611.0
2003-04-10,61.333302,62.9333,60.799999,62.2533,34.806461,67211.0
2003-04-11,61.866699,62.146702,61.333302,61.5867,34.433762,46061.0
2003-04-15,61.599998,62.133301,61.333302,61.506699,34.389023,46001.0
2003-04-16,61.84,62.9333,61.333302,62.720001,35.067402,119569.0
2003-04-17,62.666698,63.466702,60.826698,61.439999,34.351742,701288.0
2003-04-21,62.9333,63.466702,62.400002,63.279999,35.380508,85245.0
2003-04-22,63.173302,64.746696,63.173302,63.84,35.693611,207904.0
2003-04-23,63.493301,64.239998,63.493301,63.826698,35.686169,20655.0
2003-04-24,63.733299,64.0,62.9333,63.439999,35.469959,23666.0
2003-04-25,63.466702,63.626701,62.400002,62.786701,35.104691,142875.0
2003-04-28,62.799999,62.9333,62.133301,62.439999,34.910847,47760.0
2003-04-29,62.919998,64.0,62.439999,62.653301,35.030106,57034.0
2003-04-30,63.439999,63.439999,62.400002,62.6133,35.00774,46282.0
2003-05-02,62.666698,63.946701,62.666698,63.720001,35.626514,62966.0
2003-05-05,64.0,66.239998,64.0,65.480003,36.610558,209888.0
2003-05-06,68.666702,68.800003,66.400002,68.120003,38.086609,213821.0
2003-05-07,67.7733,68.266701,67.626701,68.013298,38.026936,122610.0
2003-05-08,68.0,68.239998,66.666702,68.0,38.019497,87622.0
2003-05-09,69.040001,69.040001,67.346703,68.639999,38.377338,97372.0
2003-05-12,68.559998,70.133301,68.266701,69.853302,39.055706,143490.0
2003-05-13,69.866699,71.266701,69.866699,70.973297,39.681908,110138.0
2003-05-14,71.066704,71.973297,70.666702,71.639999,40.054668,107932.0
2003-05-15,71.5467,74.639999,71.533302,74.2267,41.500912,174416.0
2003-05-16,75.466698,75.466698,71.9067,74.32,41.553082,207499.0
2003-05-19,71.466698,75.733299,66.666702,71.946701,40.226151,46912.0
2003-05-20,71.199997,74.120003,70.933296,73.653297,41.180321,89914.0
2003-05-21,72.706703,75.333298,72.706703,74.866699,41.858738,136391.0
2003-05-22,75.733299,77.266701,75.199997,76.613297,42.835274,192184.0
2003-05-23,77.333298,78.133301,76.666702,77.7733,43.483868,158029.0
2003-05-26,77.386703,82.639999,77.333298,81.839996,45.757584,457725.0
2003-05-27,81.599998,82.599998,77.639999,78.973297,44.154785,149891.0
2003-05-28,79.599998,80.186699,76.0933,76.559998,42.805481,126278.0
2003-05-29,77.333298,80.266701,76.266701,80.013298,44.736256,227085.0
2003-05-30,80.0,84.800003,80.0,84.160004,47.054733,722636.0
2003-06-02,85.333298,85.333298,80.0,82.266701,45.99617,405229.0
2003-06-03,81.866699,83.066704,78.946701,79.333298,44.356071,113936.0
2003-06-04,80.959999,84.533302,79.239998,83.599998,46.741631,625796.0
2003-06-05,84.400002,84.720001,82.666702,83.213303,46.525429,624484.0
2003-06-06,83.253304,83.959999,81.199997,81.5867,45.615978,100282.0
2003-06-09,81.599998,82.826698,81.333298,82.68,46.227234,267105.0
2003-06-10,81.706703,84.533302,81.706703,83.239998,46.540325,401565.0
2003-06-11,83.973297,84.786697,82.266701,83.013298,46.413605,585746.0
2003-06-12,83.973297,85.066704,82.106697,83.386703,46.62236,173861.0
2003-06-13,84.0,84.893303,82.933296,84.266701,47.114368,299359.0
2003-06-16,84.400002,87.040001,84.266701,85.519997,47.815117,257539.0
2003-06-17,86.559998,92.533302,86.400002,90.733299,50.729931,870851.0
2003-06-18,90.400002,93.866699,90.400002,93.559998,52.310375,751436.0
2003-06-19,92.533302,95.733299,91.466698,94.053299,52.586182,601995.0
2003-06-20,93.599998,97.919998,92.120003,96.0,53.674599,618746.0
2003-06-23,98.666702,98.666702,95.066704,96.800003,54.121868,576416.0
2003-06-24,96.800003,96.800003,93.613297,94.706703,52.9515,90698.0
2003-06-25,95.493301,98.639999,95.0933,97.986702,54.785381,640661.0
2003-06-26,98.400002,100.800003,95.013298,95.68,53.495659,331991.0
2003-06-27,96.533302,97.066704,93.626701,94.279999,52.712933,127076.0
2003-06-30,96.533302,96.533302,90.933296,91.426697,51.117611,163781.0
2003-07-01,91.199997,96.333298,91.199997,95.426697,53.354042,352388.0
2003-07-02,96.0,97.333298,93.866699,94.426697,52.794933,219986.0
2003-07-03,95.733299,95.986702,94.133301,95.533302,53.413658,304215.0
2003-07-04,94.986702,97.2267,94.400002,96.440002,53.920601,307238.0
2003-07-07,97.306702,100.080002,94.68,96.0,53.674599,332839.0
2003-07-08,97.333298,98.239998,93.866699,95.106697,53.17514,118245.0
2003-07-09,96.0,96.0,92.32,93.306702,52.168736,80524.0
2003-07-10,93.333298,94.133301,92.199997,93.373299,52.205978,172504.0
2003-07-11,94.400002,95.199997,92.533302,93.7733,52.429634,337736.0
2003-07-14,94.626701,95.973297,93.746696,95.599998,53.450939,100185.0
2003-07-15,95.720001,96.7733,94.133301,95.5867,53.443516,116576.0
2003-07-16,95.466698,96.266701,92.0,95.559998,53.428593,183878.0
2003-07-17,96.786697,98.133301,95.800003,97.4133,54.464787,328376.0
2003-07-18,93.879997,97.826698,93.879997,94.693298,52.944,55740.0
2003-07-21,97.866699,97.866699,92.266701,94.026703,52.571301,42416.0
2003-07-22,93.613297,94.800003,91.2267,93.013298,52.004704,72120.0
2003-07-23,93.919998,94.666702,91.9067,92.853302,51.915237,17921.0
2003-07-24,93.333298,94.68,93.013298,94.653297,52.921635,42439.0
2003-07-25,95.466698,95.653297,94.333298,95.293297,53.279465,27698.0
2003-07-28,94.266701,95.733299,93.333298,94.133301,52.630905,164925.0
2003-07-29,93.599998,100.0,93.333298,99.239998,55.486118,522968.0
2003-07-30,99.733299,104.492996,97.333298,102.693001,57.416718,243334.0
2003-07-31,102.932999,104.0,98.933296,101.827003,56.932537,341768.0
2003-08-01,101.333,101.866997,97.919998,101.559998,56.783245,445500.0
2003-08-04,100.266998,102.400002,100.0,101.906998,56.977276,129469.0
2003-08-05,104.532997,104.532997,100.0,101.333,56.656319,92291.0
2003-08-06,100.800003,102.667,100.800003,101.333,56.656319,126352.0
2003-08-07,99.199997,102.133003,98.959999,101.239998,56.604332,61702.0
2003-08-08,101.333,102.667,100.0,101.186996,56.574696,141649.0
2003-08-11,102.532997,102.532997,99.266701,99.786697,55.791771,67702.0
2003-08-12,104.0,104.0,98.133301,98.720001,55.195374,43905.0
2003-08-13,100.0,101.333,98.666702,98.68,55.173016,42360.0
2003-08-14,99.986702,99.986702,97.333298,97.519997,54.524433,42416.0
2003-08-18,96.533302,105.172997,96.533302,104.172997,58.244194,268688.0
2003-08-19,104.172997,105.333,103.733002,104.626999,58.498035,161700.0
2003-08-20,105.333,107.987,104.946999,107.306999,59.996449,313264.0
2003-08-21,110.599998,117.599998,107.333,108.160004,60.473392,110546.0
2003-08-22,109.333,112.266998,108.0,110.360001,61.703426,186285.0
2003-08-25,112.507004,112.507004,108.013,110.813004,61.956699,206902.0
2003-08-26,110.667,115.160004,109.866997,114.667,64.111496,230798.0
2003-08-27,113.333,116.0,113.333,114.626999,64.089149,219968.0
2003-08-28,106.667,115.226997,92.0,112.252998,62.761791,123949.0
2003-08-29,112.266998,113.333,109.067001,110.093002,61.55415,29869.0
2003-09-01,112.0,112.239998,109.333,109.973,61.487053,103920.0
2003-09-02,115.733002,117.866997,110.667,116.160004,64.946236,140332.0
2003-09-03,117.333,117.333,113.333,116.093002,64.908806,138548.0
2003-09-04,114.667,116.266998,112.400002,114.626999,64.089149,55991.0
2003-09-05,115.199997,117.333,112.292999,114.519997,64.029327,46058.0
2003-09-08,114.667,117.839996,112.800003,116.987,65.408653,215145.0
2003-09-09,118.667,120.0,115.467003,116.787003,65.296814,123052.0
2003-09-10,116.279999,122.400002,116.013,120.546997,67.399078,171829.0
2003-09-11,117.333,122.667,117.333,118.987,66.526871,100489.0
2003-09-12,122.667,122.667,113.333,115.827003,64.760086,52718.0
2003-09-15,113.387001,116.0,113.333,114.492996,64.014214,20805.0
2003-09-16,114.932999,119.467003,111.199997,118.053001,66.004654,152426.0
2003-09-17,116.0,116.0,113.347,114.707001,70.723816,126416.0
2003-09-18,117.866997,117.866997,114.667,115.053001,70.937126,143809.0
2003-09-19,114.760002,115.199997,114.667,114.919998,70.855133,75030.0
2003-09-22,114.733002,116.773003,114.720001,116.093002,71.578377,499324.0
2003-09-23,115.733002,116.800003,115.733002,116.186996,71.63633,311295.0
2003-09-24,117.467003,129.332993,116.053001,127.932999,78.878433,512771.0
2003-09-25,128.292999,132.0,121.599998,129.266998,79.700935,271732.0
2003-09-26,133.067001,133.067001,122.68,125.400002,77.316673,393394.0
2003-09-29,126.800003,135.932999,125.333,135.039993,83.260338,167092.0
2003-09-30,134.667007,137.813004,133.332993,135.147003,83.326286,144041.0
2003-10-01,135.492996,137.332993,133.332993,135.932999,83.810936,87941.0
2003-10-03,136.292999,145.307007,135.733002,143.292999,88.348824,341152.0
2003-10-06,143.759995,148.787003,142.733002,143.906998,88.727379,176209.0
2003-10-07,146.559998,146.932999,144.546997,145.427002,89.664558,92974.0
2003-10-08,147.199997,147.199997,142.667007,144.292999,88.96537,65329.0
2003-10-09,145.067001,148.0,140.0,141.720001,87.378952,15731.0
2003-10-10,145.332993,145.332993,140.399994,143.626999,88.554756,26842.0
2003-10-13,136.906998,145.332993,136.906998,144.427002,89.048004,36949.0
2003-10-14,141.800003,145.332993,141.332993,143.307007,88.357437,84821.0
2003-10-15,146.533005,146.533005,142.679993,144.132996,88.866722,24274.0
2003-10-16,144.013,146.132996,143.479996,144.600006,89.154633,9281.0
2003-10-17,141.507004,144.0,138.707001,139.533005,86.03054,42038.0
2003-10-20,139.533005,139.733002,130.399994,133.880005,82.545135,59400.0
2003-10-21,136.0,136.0,129.332993,132.386993,81.62458,177862.0
2003-10-22,131.227005,133.132996,128.826996,130.679993,80.572113,16939.0
2003-10-23,130.639999,131.733002,128.0,129.546997,79.873543,18540.0
2003-10-24,133.332993,133.332993,120.347,123.279999,76.009583,82920.0
2003-10-27,123.199997,123.333,120.266998,120.959999,74.579155,27218.0
2003-10-28,120.0,120.0,104.027,116.373001,71.750999,39116.0
2003-10-29,116.266998,119.733002,116.266998,119.133003,73.452721,62561.0
2003-10-30,120.0,125.333,118.667,124.32,76.65081,76894.0
2003-10-31,126.667,134.119995,125.333,130.826996,80.662758,79046.0
2003-11-03,132.0,136.0,132.0,134.839996,83.137016,48690.0
2003-11-04,134.667007,138.667007,134.667007,137.772995,84.945396,103901.0
2003-11-05,136.826996,144.0,125.373001,142.720001,87.995544,70485.0
2003-11-06,143.360001,145.332993,140.332993,141.412994,87.189674,32704.0
2003-11-07,141.332993,141.332993,138.667007,140.520004,86.639076,13838.0
2003-11-10,138.667007,140.0,138.667007,139.479996,85.997849,9911.0
2003-11-11,140.0,141.332993,138.667007,140.787003,86.803734,43174.0
2003-11-12,141.332993,141.332993,140.0,140.386993,86.557091,105728.0
2003-11-13,140.533005,143.199997,140.533005,141.279999,87.107674,77460.0
2003-11-14,140.533005,142.667007,138.932999,140.412994,86.573112,16462.0
2003-11-17,135.199997,141.332993,135.199997,140.906998,86.877686,7478.0
2003-11-18,141.332993,146.932999,140.0,145.826996,89.911179,148132.0
2003-11-19,146.399994,154.667007,145.733002,153.386993,94.572372,172294.0
2003-11-20,154.373001,157.332993,153.412994,156.320007,96.380753,259125.0
2003-11-21,141.332993,154.932999,141.332993,154.572998,95.303604,110730.0
2003-11-24,138.973007,154.132996,138.973007,149.839996,92.385445,86092.0
2003-11-25,149.332993,157.307007,149.332993,151.867004,93.635216,7882.0
2003-11-27,147.759995,157.813004,146.266998,148.106995,91.316917,53475.0
2003-11-28,149.867004,154.292999,149.332993,150.067001,92.525406,9784.0
2003-12-01,150.932999,154.667007,148.800003,152.507004,94.029816,190740.0
2003-12-02,150.667007,153.332993,150.667007,152.240005,93.865181,18454.0
2003-12-03,152.0,161.332993,152.0,159.626999,98.419701,49819.0
2003-12-04,161.332993,163.266998,160.0,162.906998,100.442017,106770.0
2003-12-05,164.0,170.667007,159.266998,162.240005,100.030769,31732.0
2003-12-08,158.026993,161.332993,158.026993,160.199997,98.772987,53164.0
2003-12-09,161.332993,163.533005,158.667007,162.746994,100.343376,104756.0
2003-12-10,161.360001,164.0,160.533005,162.880005,100.425385,98471.0
2003-12-11,165.067001,165.067001,158.667007,162.572998,100.236076,14786.0
2003-12-12,162.932999,164.399994,162.399994,163.479996,100.795311,96199.0
2003-12-15,164.266998,167.199997,164.0,165.026993,101.749115,31372.0
2003-12-16,164.266998,164.266998,158.026993,161.052994,99.298935,14756.0
2003-12-17,166.600006,166.600006,159.199997,163.147003,100.590004,13436.0
2003-12-18,166.132996,169.332993,164.0,167.412994,103.220245,80790.0
2003-12-19,170.132996,170.132996,164.0,165.800003,102.225739,8505.0
2003-12-22,164.800003,166.667007,160.826996,161.880005,99.808815,10492.0
2003-12-23,162.667007,165.733002,162.466995,165.093002,101.789825,68636.0
2003-12-24,166.533005,168.0,162.947006,163.973007,101.099274,62632.0
2003-12-26,166.667007,166.667007,164.173004,165.186996,101.847794,12274.0
2003-12-29,165.307007,165.332993,162.960007,163.947006,101.083282,19076.0
2003-12-30,164.279999,166.639999,160.0,160.919998,99.216904,65224.0
2003-12-31,161.332993,178.667007,160.266998,170.746994,105.275879,102671.0
2004-01-01,176.0,176.0,170.667007,173.279999,106.837624,63829.0
2004-01-02,164.800003,174.667007,164.800003,173.440002,106.936249,71468.0
2004-01-05,174.667007,176.507004,171.492996,174.453003,107.560829,259020.0
2004-01-06,177.307007,177.332993,170.932999,172.0,106.048416,24488.0
2004-01-07,172.0,176.0,172.0,174.507004,107.594162,21619.0
2004-01-08,174.399994,175.466995,172.0,173.332993,106.870277,16890.0
2004-01-09,165.600006,175.533005,165.600006,175.212997,108.029411,96000.0
2004-01-12,181.067001,181.067001,174.733002,174.919998,107.84877,17498.0
2004-01-13,174.667007,176.440002,173.332993,176.0,108.514633,124924.0
2004-01-14,176.132996,178.132996,172.587006,173.613007,107.042908,130429.0
2004-01-15,176.800003,176.800003,169.787003,171.507004,105.744423,12679.0
2004-01-16,161.332993,172.492996,161.332993,167.147003,103.056252,14044.0
2004-01-19,170.667007,176.0,166.692993,172.667007,106.459663,102158.0
2004-01-20,161.332993,175.707001,161.332993,173.399994,106.911613,28650.0
2004-01-21,173.332993,175.733002,170.667007,172.440002,106.319687,49185.0
2004-01-22,170.667007,171.973007,138.266998,170.399994,105.061897,25661.0
2004-01-23,162.692993,186.667007,162.692993,176.759995,108.983261,100271.0
2004-01-27,178.667007,193.332993,178.667007,183.160004,112.929199,45562.0
2004-01-28,190.667007,191.199997,186.932999,189.292999,116.710594,431944.0
2004-01-29,176.867004,190.667007,176.867004,189.507004,116.842529,89164.0
2004-01-30,190.399994,190.667007,189.332993,189.427002,116.793213,78225.0
2004-02-03,190.667007,202.667007,189.867004,190.186996,117.261787,71100.0
2004-02-04,199.973007,199.973007,189.653,191.679993,118.182312,268440.0
2004-02-05,192.0,198.800003,191.466995,197.279999,121.635063,81412.0
2004-02-06,194.667007,199.973007,194.399994,197.386993,121.700996,144352.0
2004-02-09,196.800003,197.067001,194.132996,195.0,120.229309,2910.0
2004-02-10,177.373001,197.067001,177.373001,189.440002,116.801224,15600.0
2004-02-11,181.653,194.132996,180.0,186.0,114.680267,57844.0
2004-02-12,189.067001,189.067001,184.013,186.787003,115.16552,83520.0
2004-02-13,185.332993,186.667007,184.667007,186.266998,114.844872,15562.0
2004-02-16,188.266998,188.266998,183.199997,184.052994,113.479813,10755.0
2004-02-17,186.386993,190.667007,186.132996,187.839996,115.814713,347164.0
2004-02-18,188.932999,191.973007,187.052994,187.960007,115.88871,41479.0
2004-02-19,187.132996,193.067001,185.160004,189.0,116.529953,39420.0
2004-02-20,188.0,188.0,179.412994,180.852997,111.506783,19549.0
2004-02-23,181.332993,184.800003,179.347,180.266998,111.145515,16159.0
2004-02-24,177.332993,182.932999,177.332993,181.332993,111.80278,2066.0
2004-02-25,179.360001,179.360001,173.600006,173.867004,107.199516,4058.0
2004-02-26,178.667007,178.667007,173.332993,174.667007,107.692802,57416.0
2004-02-27,174.667007,176.0,173.626999,175.759995,108.366684,9251.0
2004-03-01,174.932999,180.0,174.667007,178.746994,110.208359,17411.0
2004-03-03,178.667007,182.667007,178.667007,181.520004,111.918076,36709.0
2004-03-04,181.332993,182.399994,181.307007,181.332993,111.80278,7898.0
2004-03-05,174.839996,185.332993,174.839996,184.186996,113.562447,10924.0
2004-03-08,189.600006,197.867004,185.613007,195.973007,120.829224,92302.0
2004-03-09,192.0,197.320007,190.667007,194.639999,120.007339,53644.0
2004-03-10,186.960007,196.266998,184.266998,194.212997,119.744072,36709.0
2004-03-11,193.332993,201.332993,192.0,196.533005,121.174492,46920.0
2004-03-12,196.0,197.332993,185.332993,194.613007,119.990707,89348.0
2004-03-15,190.667007,191.867004,185.360001,187.332993,115.502129,64249.0
2004-03-16,194.667007,194.667007,185.733002,186.692993,115.107567,25702.0
2004-03-17,188.0,191.466995,185.867004,187.772995,115.773438,17441.0
2004-03-18,186.679993,189.332993,185.332993,185.466995,114.351631,11741.0
2004-03-19,185.332993,185.772995,184.0,185.412994,114.318352,7658.0
2004-03-22,185.067001,189.320007,183.733002,187.307007,115.486115,11089.0
2004-03-23,186.932999,190.132996,185.332993,186.212997,114.811607,78319.0
2004-03-24,185.347,187.026993,185.332993,186.132996,114.762222,31118.0
2004-03-25,188.533005,191.733002,186.132996,186.147003,114.77092,9202.0
2004-03-26,186.667007,186.667007,178.667007,186.507004,114.992874,78551.0
2004-03-29,190.399994,190.399994,186.667007,186.919998,115.24749,65992.0
2004-03-30,190.667007,191.173004,188.800003,190.347,117.360443,4744.0
2004-03-31,186.679993,194.667007,186.667007,192.987,118.988129,19372.0
2004-04-01,193.067001,194.639999,190.667007,193.373001,119.226166,65434.0
2004-04-02,198.667007,198.667007,192.160004,195.932999,120.804565,10091.0
2004-04-05,196.0,197.332993,195.466995,196.0,120.845871,36829.0
2004-04-06,200.0,200.0,195.067001,197.332993,121.66774,23325.0
2004-04-07,205.332993,205.332993,196.0,196.067001,120.887161,11610.0
2004-04-08,196.0,198.667007,196.0,197.947006,122.046303,18908.0
2004-04-12,198.667007,199.639999,196.332993,198.667007,122.490227,7110.0
2004-04-13,198.667007,201.867004,198.667007,200.973007,123.912025,31688.0
2004-04-15,187.199997,207.973007,187.199997,203.307007,125.351112,21870.0
2004-04-16,210.932999,210.932999,203.039993,206.0,127.01149,4849.0
2004-04-19,208.0,208.0,203.279999,205.427002,126.658226,3019.0
2004-04-20,205.332993,206.386993,202.667007,202.987,125.153763,4028.0
2004-04-21,205.600006,205.613007,203.466995,204.039993,125.803024,1204.0
2004-04-22,202.679993,203.987,202.667007,202.667007,124.956482,1290.0
2004-04-23,202.932999,205.332993,202.667007,202.947006,125.129128,76826.0
2004-04-27,203.199997,204.800003,196.0,203.266998,125.326408,24146.0
2004-04-28,203.199997,205.332993,202.667007,204.826996,126.288239,23025.0
2004-04-29,209.067001,209.067001,205.332993,207.132996,127.710052,16410.0
2004-04-30,209.332993,209.332993,202.692993,205.307007,126.584198,54225.0
2004-05-03,204.0,204.0,192.412994,193.427002,119.259468,2921.0
2004-05-04,193.332993,205.013,189.067001,202.787003,125.030472,13965.0
2004-05-05,202.667007,206.386993,200.0,200.559998,123.657394,7594.0
2004-05-06,200.026993,201.332993,195.639999,200.826996,123.821999,150555.0
2004-05-07,200.0,201.332993,197.347,200.479996,123.608017,1766.0
2004-05-10,200.0,200.0,197.332993,198.307007,122.26825,5648.0
2004-05-11,193.453003,197.332993,192.0,193.826996,119.506088,9052.0
2004-05-12,196.787003,200.0,189.880005,196.720001,121.28978,6878.0
2004-05-13,186.667007,193.332993,165.332993,184.307007,113.636414,9202.0
2004-05-14,199.973007,199.973007,160.533005,168.440002,103.853439,178901.0
2004-05-17,148.147003,160.0,134.800003,147.932999,91.209656,27079.0
2004-05-18,144.0,160.0,144.0,152.052994,93.749886,72398.0
2004-05-19,157.332993,160.013,156.0,160.0,98.649689,109995.0
2004-05-20,164.0,164.0,160.720001,161.199997,99.389542,4635.0
2004-05-21,160.0,160.0,157.332993,159.307007,98.222404,7192.0
2004-05-24,160.0,165.332993,157.332993,159.093002,98.090469,4050.0
2004-05-25,157.307007,157.332993,153.332993,153.412994,94.588379,13230.0
2004-05-26,184.0,184.0,154.932999,158.147003,97.50721,7665.0
2004-05-27,183.733002,183.733002,138.733002,158.600006,97.786507,9589.0
2004-05-28,159.600006,160.0,144.080002,150.587006,92.846008,9791.0
2004-05-31,159.947006,159.947006,133.332993,138.667007,85.496605,28740.0
2004-06-01,138.639999,143.466995,136.0,137.412994,84.723434,28144.0
2004-06-02,134.759995,143.906998,134.759995,141.332993,87.140335,38936.0
2004-06-03,145.332993,146.106995,138.667007,143.626999,88.554756,225349.0
2004-06-04,143.733002,166.667007,141.332993,163.919998,101.066589,2683935.0
2004-06-07,162.667007,173.067001,160.533005,170.520004,105.13588,1594560.0
2004-06-08,166.932999,169.867004,162.932999,166.013,102.357094,53258.0
2004-06-09,165.332993,173.067001,160.546997,167.987,103.57415,740745.0
2004-06-10,166.932999,169.466995,165.360001,167.960007,103.55751,11899.0
2004-06-11,162.932999,168.466995,162.932999,164.453003,101.395233,5419.0
2004-06-14,162.667007,167.987,162.667007,166.292999,102.529694,33368.0
2004-06-15,165.332993,166.667007,164.266998,164.266998,101.280556,7714.0
2004-06-16,165.360001,167.772995,165.332993,166.653,102.751663,7039.0
2004-06-17,165.360001,167.466995,164.173004,167.013,102.973618,7612.0
2004-06-18,165.360001,166.932999,164.0,164.160004,101.214584,626.0
2004-06-21,160.0,166.667007,158.132996,158.932999,97.991837,4774.0
2004-06-22,160.0,161.332993,152.0,154.186996,95.06562,1586.0
2004-06-23,159.440002,159.440002,141.893005,142.653,87.954216,5081.0
2004-06-24,154.080002,154.080002,142.932999,145.787003,89.88652,13312.0
2004-06-25,145.332993,151.386993,145.332993,149.479996,92.163452,1688.0
2004-06-28,144.026993,151.973007,144.026993,147.839996,91.152313,3870.0
2004-06-29,152.266998,152.533005,146.399994,148.173004,91.35762,40628.0
2004-06-30,148.533005,150.639999,148.266998,149.533005,92.196159,20756.0
2004-07-01,151.199997,152.0,146.960007,148.520004,91.571571,28260.0
2004-07-02,150.132996,152.399994,149.080002,152.0,93.717194,34211.0
2004-07-05,153.332993,153.332993,152.0,152.279999,93.889816,39945.0
2004-07-06,154.399994,154.399994,148.320007,152.667007,94.128464,13312.0
2004-07-07,154.667007,156.533005,153.332993,153.826996,94.843651,67672.0
2004-07-08,153.332993,160.932999,153.332993,153.332993,94.53907,11280.0
2004-07-09,149.466995,161.320007,149.466995,159.800003,98.52639,15784.0
2004-07-12,156.0,159.199997,156.0,157.320007,96.997314,1084.0
2004-07-13,168.0,168.0,156.332993,158.932999,97.991837,36158.0
2004-07-14,158.132996,158.132996,152.0,154.932999,95.525581,34204.0
2004-07-15,172.266998,172.266998,152.533005,153.746994,94.794304,49605.0
2004-07-16,153.600006,156.399994,152.279999,153.386993,94.572372,40965.0
2004-07-19,166.399994,166.399994,155.733002,156.880005,96.726044,16470.0
2004-07-20,156.266998,159.733002,156.266998,157.253006,96.956001,7260.0
2004-07-21,157.332993,157.867004,155.733002,156.520004,96.504059,18671.0
2004-07-22,159.173004,159.466995,157.332993,158.826996,97.926437,24975.0
2004-07-23,157.332993,159.466995,157.332993,158.720001,97.860504,24892.0
2004-07-26,172.0,172.0,158.479996,158.653,97.81916,14366.0
2004-07-27,162.132996,162.132996,148.279999,152.867004,94.251762,32775.0
2004-07-28,157.067001,162.667007,153.360001,160.093002,98.707031,41662.0
2004-07-29,162.399994,169.332993,160.800003,165.199997,101.85582,26524.0
2004-07-30,165.067001,166.399994,160.0,162.973007,100.482735,15581.0
2004-08-02,166.667007,169.332993,158.973007,168.199997,103.70546,16594.0
2004-08-03,169.067001,183.960007,167.199997,175.733002,108.350044,51375.0
2004-08-04,185.026993,185.067001,170.826996,171.466995,105.719765,11104.0
2004-08-05,173.199997,173.240005,170.867004,171.479996,105.727768,2704.0
2004-08-06,170.932999,173.332993,170.667007,172.039993,106.073067,4785.0
2004-08-09,171.266998,174.132996,171.266998,173.386993,106.903587,2280.0
2004-08-10,172.0,173.332993,170.826996,171.867004,105.966393,14708.0
2004-08-11,175.733002,176.0,172.013,172.067001,106.089714,2280.0
2004-08-12,171.227005,174.307007,170.839996,173.466995,106.952896,1718.0
2004-08-13,173.332993,174.533005,170.826996,171.653,105.834473,19384.0
2004-08-16,170.826996,173.332993,170.826996,172.880005,106.590988,2468.0
2004-08-17,177.867004,177.867004,170.826996,171.386993,105.670448,2138.0
2004-08-18,173.039993,176.0,172.186996,173.720001,107.10891,60911.0
2004-08-19,171.520004,174.600006,171.520004,173.626999,107.051559,11722.0
2004-08-20,171.266998,173.132996,171.199997,172.0,106.048416,3930.0
2004-08-23,173.067001,173.332993,169.332993,173.253006,106.820961,1868.0
2004-08-24,170.667007,174.266998,170.667007,173.733002,107.116928,34669.0
2004-08-25,173.867004,181.332993,172.0,176.373001,108.744637,33701.0
2004-08-26,182.399994,183.973007,172.800003,173.746994,107.125534,5482.0
2004-08-27,174.667007,180.0,173.067001,178.080002,109.797119,19984.0
2004-08-30,179.826996,186.653,175.733002,180.559998,111.32621,77452.0
2004-08-31,178.932999,181.332993,178.692993,179.759995,110.832916,3064.0
2004-09-01,181.332993,188.0,180.0,182.546997,112.55127,111071.0
2004-09-02,182.960007,186.679993,180.932999,183.987,113.439163,4972.0
2004-09-03,184.0,186.667007,182.667007,183.147003,112.921204,24735.0
2004-09-06,184.0,190.399994,182.932999,185.559998,114.408958,9180.0
2004-09-07,185.347,188.0,185.347,186.973007,115.280182,139208.0
2004-09-08,186.399994,188.667007,185.559998,186.600006,123.292885,5820.0
2004-09-09,188.787003,190.667007,186.932999,186.960007,123.530762,10984.0
2004-09-10,187.373001,187.373001,184.0,184.720001,122.05072,7305.0
2004-09-13,184.813004,188.0,184.800003,186.667007,123.337166,52988.0
2004-09-14,186.667007,188.0,186.667007,187.227005,123.70713,41070.0
2004-09-15,191.186996,192.800003,188.013,188.852997,124.781532,1290.0
2004-09-16,193.332993,193.600006,189.867004,190.973007,126.182281,5662.0
2004-09-17,192.292999,193.332993,189.332993,189.600006,125.275108,5089.0
2004-09-20,192.533005,193.332993,185.332993,186.800003,123.425034,6322.0
2004-09-21,192.0,193.067001,188.013,190.186996,125.662949,5745.0
2004-09-22,195.973007,195.973007,180.292999,188.733002,124.702225,7418.0
2004-09-23,191.453003,191.453003,188.039993,188.746994,124.711464,2775.0
2004-09-24,189.867004,189.867004,187.639999,187.826996,124.103615,1140.0
2004-09-27,188.266998,191.453003,188.0,189.800003,125.407227,2966.0
2004-09-28,190.399994,192.0,184.559998,191.453003,126.499428,8205.0
2004-09-29,194.667007,205.067001,192.852997,199.013,131.494568,32554.0
2004-09-30,202.667007,238.667007,197.893005,199.759995,131.988129,22432.0
2004-10-01,199.960007,199.960007,194.399994,195.119995,128.922348,8632.0
2004-10-04,194.932999,201.067001,194.932999,196.332993,129.723785,8044.0
2004-10-05,196.772995,196.772995,191.279999,193.332993,127.741592,5520.0
2004-10-06,199.466995,199.466995,190.667007,192.360001,127.09874,6656.0
2004-10-07,198.399994,198.399994,193.067001,193.186996,127.645126,2948.0
2004-10-08,195.199997,195.199997,186.932999,192.026993,126.878677,30135.0
2004-10-11,192.533005,194.399994,178.667007,182.692993,120.711411,31122.0
2004-10-12,189.332993,189.332993,184.0,184.759995,122.077126,50332.0
2004-10-14,181.332993,186.653,181.332993,185.533005,122.587898,24158.0
2004-10-15,187.733002,187.733002,185.332993,185.906998,122.834976,555.0
2004-10-18,184.0,185.067001,179.492996,181.667007,120.033508,5520.0
2004-10-19,184.0,184.0,181.373001,182.399994,120.517807,1444.0
2004-10-20,182.0,184.0,179.746994,182.240005,120.412094,2175.0
2004-10-21,182.667007,185.960007,182.667007,185.800003,122.764282,4005.0
2004-10-25,186.667007,186.667007,181.466995,181.559998,119.962799,2070.0
2004-10-26,183.332993,185.067001,180.0,182.199997,120.385681,1706.0
2004-10-27,191.919998,191.919998,184.533005,188.039993,124.244339,31301.0
2004-10-28,189.332993,190.667007,182.399994,185.013,122.244324,21611.0
2004-10-29,189.067001,189.332993,185.332993,185.412994,122.508621,26745.0
2004-11-01,186.679993,197.067001,186.667007,193.520004,127.865173,131302.0
2004-11-02,192.0,193.253006,190.667007,191.332993,126.420158,2520.0
2004-11-03,192.0,193.600006,189.332993,190.373001,125.78582,12814.0
2004-11-04,194.667007,195.119995,189.880005,190.106995,125.610092,5962.0
2004-11-05,191.987,191.987,190.132996,190.653,125.97084,29992.0
2004-11-08,205.332993,205.332993,186.692993,188.507004,124.552902,225821.0
2004-11-09,188.266998,190.667007,184.893005,185.852997,122.799332,81401.0
2004-11-10,186.653,187.186996,185.399994,186.613007,123.301514,33248.0
2004-11-11,186.667007,186.960007,183.733002,184.013,121.58358,91811.0
2004-11-12,183.600006,187.987,168.307007,186.867004,123.469299,1470.0
2004-11-16,186.932999,186.932999,185.492996,186.013,122.905022,15068.0
2004-11-17,186.667007,187.720001,184.533005,185.440002,122.526436,18158.0
2004-11-18,185.600006,187.453003,183.733002,184.160004,121.680725,36566.0
2004-11-19,184.800003,186.399994,183.733002,184.026993,121.592804,7931.0
2004-11-22,175.132996,185.332993,175.132996,183.067001,120.958519,8948.0
2004-11-23,186.399994,186.399994,183.240005,183.987,121.566422,72518.0
2004-11-24,184.0,186.399994,181.332993,182.600006,120.649986,107599.0
2004-11-25,184.0,186.399994,181.960007,183.093002,120.975716,29108.0
2004-11-29,184.533005,189.279999,183.733002,184.787003,122.095001,20494.0
2004-11-30,186.399994,186.667007,184.0,184.679993,122.024284,439350.0
2004-12-01,186.667007,189.013,184.026993,188.039993,124.244339,32891.0
2004-12-02,190.667007,197.960007,190.667007,197.507004,130.499527,46890.0
2004-12-03,198.667007,202.132996,196.667007,199.587006,131.87381,14366.0
2004-12-06,198.667007,201.067001,186.667007,199.160004,131.591736,10496.0
2004-12-07,194.667007,201.067001,192.266998,198.332993,131.045258,14434.0
2004-12-08,198.667007,207.973007,197.332993,202.692993,133.926102,18049.0
2004-12-09,202.667007,205.332993,197.867004,202.067001,133.512421,21019.0
2004-12-10,203.173004,210.667007,202.132996,208.412994,137.705444,66038.0
2004-12-13,209.199997,209.332993,205.332993,207.013,136.780441,11846.0
2004-12-14,208.0,209.332993,205.746994,207.987,137.424011,21825.0
2004-12-15,208.533005,209.067001,208.0,208.240005,137.591187,18060.0
2004-12-16,210.399994,210.399994,206.667007,208.373001,137.679031,20498.0
2004-12-17,208.013,215.466995,208.013,214.240005,141.555573,34118.0
2004-12-20,217.332993,217.332993,214.240005,215.947006,142.683441,66892.0
2004-12-21,214.320007,221.332993,214.320007,219.479996,145.017776,13905.0
2004-12-22,221.332993,222.653,219.227005,221.733002,146.506439,13688.0
2004-12-23,222.667007,226.373001,221.867004,223.906998,147.942856,12188.0
2004-12-24,231.733002,231.733002,224.0,226.440002,149.616501,14636.0
2004-12-27,224.0,229.332993,221.332993,225.960007,149.299347,24199.0
2004-12-28,224.0,229.332993,224.0,229.067001,151.352264,9585.0
2004-12-29,230.667007,237.307007,226.160004,235.332993,155.492432,49009.0
2004-12-30,236.0,266.666992,236.0,248.707001,164.329071,92632.0
2004-12-31,253.332993,253.332993,242.492996,244.412994,161.491882,8974.0
2005-01-03,250.653,250.667007,242.960007,245.052994,161.914764,5554.0
2005-01-04,244.800003,247.186996,241.572998,242.039993,159.923935,7230.0
2005-01-05,242.106995,246.639999,238.667007,242.026993,159.915375,67238.0
2005-01-06,237.332993,240.0,233.332993,238.813004,157.791748,89996.0
2005-01-07,229.332993,239.973007,229.332993,234.399994,154.875961,7886.0
2005-01-10,239.733002,239.733002,229.347,235.852997,155.835983,30259.0
2005-01-11,237.332993,237.332993,211.199997,217.867004,143.952057,7301.0
2005-01-12,228.772995,228.772995,217.600006,221.067001,146.066422,25159.0
2005-01-13,234.132996,236.240005,223.0,225.106995,148.735794,5719.0
2005-01-14,226.667007,231.453003,222.947006,228.947006,151.27301,2561.0
2005-01-17,224.0,226.667007,221.093002,223.947006,147.969315,938.0
2005-01-18,222.667007,228.772995,221.332993,228.412994,150.92012,21232.0
2005-01-19,229.067001,234.0,229.067001,231.360001,152.867355,10305.0
2005-01-20,226.667007,230.667007,225.600006,230.520004,152.312271,26636.0
2005-01-24,228.266998,229.253006,223.733002,223.960007,147.97789,5704.0
2005-01-25,224.533005,226.520004,218.720001,220.332993,145.581406,7320.0
2005-01-27,237.307007,237.307007,220.279999,221.987,150.780243,8812.0
2005-01-28,231.466995,231.466995,217.332993,222.332993,151.015244,12731.0
2005-01-31,228.667007,228.667007,221.626999,223.240005,151.631332,13522.0
2005-02-01,224.0,225.867004,223.733002,224.067001,152.193039,112095.0
2005-02-02,225.867004,226.667007,222.667007,223.559998,151.848663,4886.0
2005-02-03,221.600006,221.600006,220.600006,221.427002,150.399902,24015.0
2005-02-04,222.667007,222.667007,218.947006,220.119995,149.512146,9844.0
2005-02-07,220.0,224.0,218.667007,220.212997,149.575302,13852.0
2005-02-08,220.0,221.332993,218.466995,219.692993,149.222076,86438.0
2005-02-09,219.212997,226.667007,218.692993,224.507004,152.491913,30060.0
2005-02-10,223.466995,224.667007,221.332993,221.639999,150.544556,2306.0
2005-02-11,219.0,225.332993,219.0,223.746994,151.975693,3690.0
2005-02-14,221.332993,226.667007,221.332993,223.080002,151.522644,13916.0
2005-02-15,228.0,238.667007,224.266998,237.173004,161.095047,134595.0
2005-02-16,238.667007,238.667007,233.867004,237.093002,161.04068,54098.0
2005-02-17,222.667007,238.667007,222.667007,236.960007,160.950409,49320.0
2005-02-18,234.932999,239.987,233.613007,237.826996,161.539261,58031.0
2005-02-21,239.466995,240.0,237.332993,238.893005,162.263336,220178.0
2005-02-22,239.466995,240.0,236.800003,239.987,163.006348,104801.0
2005-02-23,242.667007,242.667007,234.147003,238.119995,161.738251,11989.0
2005-02-24,238.119995,238.199997,234.667007,237.160004,161.086212,191711.0
2005-02-25,234.692993,237.332993,229.332993,231.880005,157.499908,32130.0
2005-02-28,226.613007,234.692993,212.266998,221.240005,150.272873,156420.0
2005-03-01,221.332993,221.600006,216.0,217.479996,147.718979,123581.0
2005-03-02,217.332993,223.973007,217.332993,221.013,150.118713,109234.0
2005-03-03,223.199997,229.332993,222.667007,226.052994,153.541962,112796.0
2005-03-04,242.639999,246.399994,226.613007,230.147003,156.322769,155846.0
2005-03-07,227.199997,234.667007,226.692993,231.479996,157.22818,106159.0
2005-03-08,220.533005,232.0,220.533005,230.212997,156.367615,4012.0
2005-03-09,232.0,232.0,228.0,232.0,157.58139,39158.0
2005-03-10,219.080002,233.067001,219.080002,230.466995,156.540131,132649.0
2005-03-11,230.667007,235.199997,225.347,227.453003,154.492874,3574.0
2005-03-14,226.667007,227.733002,224.0,225.253006,152.998611,9064.0
2005-03-15,224.0,225.320007,222.132996,223.839996,152.038864,739.0
2005-03-16,227.987,227.987,224.067001,224.533005,152.509552,2805.0
2005-03-17,224.0,231.987,224.0,227.360001,154.429749,2700.0
2005-03-18,219.227005,229.332993,219.227005,228.026993,154.882828,108638.0
2005-03-21,230.667007,232.533005,225.867004,227.253006,154.357056,13384.0
2005-03-22,226.733002,229.067001,222.667007,224.453003,152.455231,11138.0
2005-03-23,224.0,224.0,218.667007,219.052994,148.787369,9352.0
2005-03-24,220.800003,220.800003,213.332993,214.212997,145.499908,28365.0
2005-03-28,216.0,216.0,205.653,211.893005,143.924133,125359.0
2005-03-29,208.013,218.667007,208.0,215.613007,146.450821,10309.0
2005-03-30,214.667007,215.733002,210.707001,213.587006,145.074753,87045.0
2005-03-31,216.0,219.880005,212.0,213.440002,144.974854,14768.0
2005-04-01,214.399994,226.132996,213.067001,213.292999,144.875,203820.0
2005-04-04,218.667007,218.667007,210.692993,213.787003,145.210587,5925.0
2005-04-05,216.0,219.720001,214.667007,216.119995,146.795197,3382.0
2005-04-06,213.067001,217.332993,213.067001,216.826996,147.275452,1162.0
2005-04-07,216.320007,220.0,212.026993,218.013,148.080978,7905.0
2005-04-08,217.332993,218.919998,215.466995,218.733002,148.570007,20306.0
2005-04-11,220.0,220.0,217.332993,219.199997,148.887268,25432.0
2005-04-12,218.667007,242.667007,218.667007,233.440002,158.559464,48259.0
2005-04-13,222.932999,237.067001,222.132996,223.199997,151.604172,6488.0
2005-04-15,224.0,225.332993,221.332993,224.173004,152.265091,5475.0
2005-04-18,223.733002,226.667007,221.867004,224.0,152.147552,12382.0
2005-04-19,224.266998,225.332993,222.679993,223.466995,151.785522,47032.0
2005-04-20,217.332993,226.667007,217.332993,225.399994,153.09845,72401.0
2005-04-21,217.332993,225.332993,217.332993,224.492996,152.482376,29228.0
2005-04-22,222.947006,225.332993,222.667007,225.332993,153.052933,1005.0
2005-04-25,224.0,226.667007,224.0,224.160004,152.256241,155081.0
2005-04-26,226.667007,231.733002,225.119995,225.839996,153.397339,7871.0
2005-04-27,232.533005,232.533005,226.667007,229.893005,156.150269,40226.0
2005-04-28,228.0,230.667007,228.0,230.026993,156.241287,1631.0
2005-04-29,229.332993,237.332993,229.332993,233.147003,158.360458,6548.0
2005-05-02,234.399994,234.667007,228.0,229.386993,155.806534,100928.0
2005-05-03,239.466995,239.466995,229.332993,231.399994,157.173828,8978.0
2005-05-04,233.199997,233.199997,230.667007,230.667007,156.676025,109774.0
2005-05-05,229.332993,234.639999,229.332993,231.453003,157.209824,16785.0
2005-05-06,229.880005,239.466995,229.880005,235.692993,160.089783,19819.0
2005-05-09,238.852997,238.852997,232.800003,235.186996,159.746094,118091.0
2005-05-10,237.039993,242.667007,236.0,241.453003,164.002151,15008.0
2005-05-11,240.0,242.667007,234.667007,240.292999,163.214249,11700.0
2005-05-12,237.332993,244.0,237.332993,242.546997,164.745209,8280.0
2005-05-13,242.667007,242.667007,238.080002,241.587006,164.093155,53738.0
2005-05-16,243.466995,245.067001,237.626999,240.106995,163.087875,277271.0
2005-05-17,245.332993,246.667007,238.667007,239.813004,162.888214,29179.0
2005-05-18,240.266998,243.733002,240.266998,242.453003,164.681351,5618.0
2005-05-19,242.960007,245.600006,241.332993,245.067001,166.456894,81810.0
2005-05-20,245.332993,246.667007,241.600006,242.852997,164.953049,10361.0
2005-05-23,249.332993,249.332993,241.867004,242.626999,164.799561,13084.0
2005-05-24,242.667007,245.067001,237.466995,243.240005,165.215897,39356.0
2005-05-25,242.667007,242.667007,237.332993,239.919998,162.960861,10309.0
2005-05-26,240.266998,245.332993,240.266998,244.546997,166.103638,10526.0
2005-05-27,242.667007,247.199997,237.332993,244.132996,165.822479,20456.0
2005-05-30,246.119995,246.119995,240.0,240.533005,163.377274,11835.0
2005-05-31,240.0,244.0,237.332993,243.559998,165.433258,12562.0
2005-06-01,244.0,252.692993,244.0,250.039993,169.834671,12495.0
2005-06-02,244.0,248.0,234.932999,242.320007,164.591049,93701.0
2005-06-03,243.199997,246.399994,242.932999,244.800003,166.275528,145954.0
2005-06-06,247.626999,248.0,241.332993,244.867004,166.321075,3251.0
2005-06-07,245.332993,254.667007,245.332993,249.399994,169.399979,14869.0
2005-06-08,254.667007,254.667007,245.600006,246.026993,167.108963,5689.0
2005-06-09,245.332993,248.772995,245.332993,246.653,167.534134,2250.0
2005-06-10,253.0,253.0,247.466995,247.960007,168.421875,20340.0
2005-06-13,245.332993,246.667007,244.0,246.667007,167.543686,3945.0
2005-06-14,250.399994,252.0,248.0,249.332993,169.354477,14948.0
2005-06-15,251.186996,257.333008,250.667007,255.479996,173.529663,55342.0
2005-06-16,255.466995,255.466995,249.600006,252.960007,171.818039,2809.0
2005-06-17,253.067001,253.067001,248.0,248.707001,168.92926,1766.0
2005-06-20,246.667007,250.800003,246.667007,250.720001,170.296585,3019.0
2005-06-21,241.173004,250.932999,241.173004,250.667007,170.260544,202695.0
2005-06-22,253.067001,253.332993,245.347,249.412994,169.408829,69746.0
2005-06-23,245.332993,253.332993,241.332993,249.307007,169.336823,272198.0
2005-06-24,249.332993,253.332993,248.0,251.679993,170.948608,230145.0
2005-06-27,247.466995,253.332993,247.240005,253.320007,172.062561,46305.0
2005-06-28,250.667007,253.332993,248.546997,249.332993,169.354477,2168.0
2005-06-29,251.199997,253.320007,251.199997,251.199997,170.62262,26610.0
2005-06-30,246.399994,253.052994,246.399994,252.279999,171.356201,4012.0
2005-07-01,249.332993,253.332993,249.332993,253.307007,172.053726,59051.0
2005-07-04,252.0,253.332993,248.160004,252.639999,171.600693,113936.0
2005-07-05,246.960007,255.733002,246.960007,252.852997,171.745331,22920.0
2005-07-06,253.052994,258.132996,252.0,252.332993,171.392105,7691.0
2005-07-07,245.919998,253.332993,245.893005,251.880005,171.084473,16676.0
2005-07-08,252.0,253.332993,250.692993,251.026993,170.505112,5569.0
2005-07-11,250.932999,253.733002,250.932999,253.212997,171.989883,36510.0
2005-07-12,252.013,253.332993,250.667007,253.332993,172.071396,10076.0
2005-07-13,253.332993,257.333008,253.332993,257.066986,174.60762,63075.0
2005-07-14,256.53299,257.600006,256.0,257.333008,174.7883,59108.0
2005-07-15,253.332993,265.333008,253.332993,262.412994,178.238831,14921.0
2005-07-18,264.0,266.666992,262.666992,265.627014,180.421829,24210.0
2005-07-19,266.132996,277.333008,265.627014,272.132996,184.840897,31950.0
2005-07-20,273.333008,293.040009,273.333008,288.399994,195.889908,17632.0
2005-07-21,288.0,288.0,277.920013,282.119995,191.62442,10489.0
2005-07-22,275.333008,282.666992,275.333008,281.493011,191.198547,19429.0
2005-07-25,274.76001,285.333008,274.76001,284.440002,193.200211,100792.0
2005-07-26,292.493011,292.53299,280.0,281.907013,191.479675,1504.0
2005-07-27,266.959991,290.666992,266.959991,282.733002,192.040802,2948.0
2005-07-29,269.333008,286.666992,269.333008,284.307007,193.109879,18345.0
2005-08-01,270.799988,296.0,270.799988,284.799988,193.444702,2666.0
2005-08-02,277.359985,288.0,277.333008,285.46701,193.897751,3304.0
2005-08-03,284.040009,289.307007,280.013,284.826996,193.463089,5625.0
2005-08-04,282.799988,291.867004,282.799988,289.147003,196.397293,104355.0
2005-08-05,289.333008,294.666992,286.733002,292.666992,198.788208,15442.0
2005-08-08,288.0,294.666992,287.279999,288.46701,195.935471,10590.0
2005-08-09,281.399994,293.333008,281.399994,292.77301,198.860199,4196.0
2005-08-10,292.53299,296.0,289.733002,293.213013,199.159103,36338.0
2005-08-11,282.77301,294.666992,282.77301,293.412994,199.294937,40710.0
2005-08-12,305.333008,314.666992,296.266998,310.53299,210.923309,15825.0
2005-08-16,323.200012,331.733002,311.200012,319.613007,217.090775,30386.0
2005-08-17,333.333008,333.333008,317.346985,319.053009,216.710419,19192.0
2005-08-18,312.613007,320.0,312.613007,318.733002,216.493011,13879.0
2005-08-19,321.333008,321.333008,314.666992,319.747009,217.181808,23835.0
2005-08-22,330.666992,330.666992,309.333008,312.933014,212.553528,7691.0
2005-08-23,314.666992,314.666992,298.666992,302.279999,205.317642,15416.0
2005-08-24,301.333008,312.0,280.0,309.346985,210.117798,113576.0
2005-08-25,310.666992,319.733002,310.666992,316.572998,215.02594,83681.0
2005-08-26,324.799988,324.799988,313.346985,320.132996,217.444016,159446.0
2005-08-29,310.666992,315.200012,309.333008,313.933014,213.232773,17359.0
2005-08-30,318.640015,320.0,313.600006,315.307007,214.166,3645.0
2005-08-31,320.0,323.972992,313.959991,320.279999,217.543732,7436.0
2005-09-01,327.46701,327.46701,313.372986,321.292999,218.231842,65768.0
2005-09-02,321.333008,324.0,314.666992,322.399994,218.983795,12315.0
2005-09-05,327.46701,333.333008,317.333008,328.480011,223.113556,14910.0
2005-09-06,326.666992,336.0,325.333008,333.653015,226.627182,6008.0
2005-09-08,333.600006,339.200012,333.600006,337.147003,229.000397,12769.0
2005-09-09,340.0,340.013,328.0,336.200012,228.357101,12506.0
2005-09-12,341.066986,359.987,338.933014,350.399994,238.002258,66289.0
2005-09-13,356.799988,357.320007,344.292999,352.77301,239.614059,7860.0
2005-09-14,348.266998,360.0,348.266998,359.933014,250.513458,225165.0
2005-09-15,354.933014,360.0,351.679993,356.747009,248.295868,28751.0
2005-09-16,347.092987,353.600006,341.867004,346.320007,241.038696,103466.0
2005-09-19,350.132996,360.0,329.600006,342.627014,238.468475,231915.0
2005-09-20,337.600006,353.333008,333.333008,348.720001,242.709198,20711.0
2005-09-21,350.399994,356.0,336.0,341.0,237.33609,17842.0
2005-09-22,346.372986,346.666992,333.333008,333.346985,232.009537,59801.0
2005-09-23,333.333008,350.666992,333.333008,346.23999,240.983063,8021.0
2005-09-26,346.666992,360.0,346.666992,359.600006,250.281677,14130.0
2005-09-27,358.666992,360.0,352.826996,356.972992,248.453217,1519.0
2005-09-28,360.0,360.0,348.0,351.893005,244.917648,90409.0
2005-09-29,355.933014,360.0,350.132996,359.907013,250.495255,224569.0
2005-09-30,353.333008,359.119995,348.027008,353.46701,246.013062,3605122.0
2005-10-03,356.0,359.200012,353.333008,356.613007,248.202728,62108.0
2005-10-04,348.826996,359.987,348.826996,352.092987,245.056732,6026.0
2005-10-05,353.333008,359.733002,352.0,354.640015,246.829544,10725.0
2005-10-06,354.399994,360.0,354.399994,359.972992,250.541245,24938.0
2005-10-07,361.333008,368.0,361.333008,367.640015,255.877457,5884.0
2005-10-10,370.399994,379.733002,366.959991,372.0,258.912018,17216.0
2005-10-11,358.692993,375.987,358.692993,365.480011,254.374191,11992.0
2005-10-13,366.666992,369.333008,360.0,364.46701,253.669098,6221.0
2005-10-14,362.666992,364.399994,358.666992,360.720001,251.061157,45296.0
2005-10-17,357.066986,357.066986,347.079987,350.372986,243.85965,12499.0
2005-10-18,352.0,354.666992,340.013,352.066986,245.038651,78686.0
2005-10-19,344.0,353.333008,340.013,350.119995,243.683548,74340.0
2005-10-20,348.0,351.987,342.666992,343.053009,238.764908,16395.0
2005-10-21,344.0,353.333008,344.0,346.972992,241.493256,13384.0
2005-10-24,348.0,348.0,336.0,342.040009,238.05986,5632.0
2005-10-25,342.666992,351.640015,342.666992,346.666992,241.280273,949.0
2005-10-26,346.666992,353.333008,344.0,353.333008,245.919769,34132.0
2005-10-27,353.333008,353.333008,342.666992,344.0,239.423996,2902.0
2005-10-28,340.0,352.0,338.692993,347.027008,241.530838,42360.0
2005-10-31,346.399994,360.0,342.707001,355.173004,247.200455,22418.0
2005-11-02,359.733002,364.453003,328.799988,347.653015,241.966492,23542.0
2005-11-07,349.066986,349.333008,341.333008,344.013,239.43309,401606.0
2005-11-08,349.333008,352.0,342.666992,344.453003,239.739288,35156.0
2005-11-09,344.0,345.333008,332.266998,335.346985,233.40152,21701.0
2005-11-10,337.333008,342.627014,322.666992,323.427002,225.105209,22706.0
2005-11-11,338.653015,338.653015,324.399994,333.46701,232.093094,17010.0
2005-11-14,336.0,341.333008,333.880005,339.46701,236.269058,22526.0
2005-11-16,323.079987,341.320007,323.079987,339.320007,236.166748,465424.0
2005-11-17,342.666992,345.333008,334.160004,335.707001,233.6521,5944.0
2005-11-18,343.46701,346.640015,334.666992,342.399994,238.310394,10185.0
2005-11-21,345.480011,345.867004,337.333008,337.692993,235.034348,8400.0
2005-11-22,337.600006,346.666992,337.600006,345.252991,240.296082,5648.0
2005-11-23,345.066986,357.333008,337.600006,350.412994,243.887451,10226.0
2005-11-24,346.666992,357.333008,346.666992,356.160004,247.887436,14355.0
2005-11-25,352.013,360.0,352.013,357.266998,248.657867,7661.0
2005-11-28,382.132996,386.519989,357.867004,359.692993,250.34642,27382.0
2005-11-29,361.333008,373.333008,358.666992,370.412994,257.807495,3172.0
2005-11-30,362.679993,373.066986,362.079987,369.546997,257.204742,9990.0
2005-12-01,377.333008,378.666992,370.679993,376.119995,261.779541,16234.0
2005-12-02,384.0,391.679993,375.200012,380.320007,264.702789,35734.0
2005-12-05,393.333008,393.333008,373.333008,383.987,267.255005,43432.0
2005-12-06,385.333008,389.066986,383.200012,388.252991,270.224121,42176.0
2005-12-07,386.666992,400.0,386.666992,393.679993,274.001343,43815.0
2005-12-08,393.333008,400.0,392.0,395.867004,275.523468,65809.0
2005-12-09,394.399994,398.53299,394.132996,396.627014,276.052399,83599.0
2005-12-12,384.0,406.666992,384.0,399.279999,277.898956,132371.0
2005-12-13,403.707001,403.707001,390.132996,396.692993,276.098358,27615.0
2005-12-14,392.53299,400.53299,392.53299,397.372986,276.571655,12630.0
2005-12-15,397.333008,400.0,389.333008,393.46701,273.853058,20535.0
2005-12-16,394.399994,396.0,393.333008,395.359985,275.170593,63098.0
2005-12-19,395.359985,397.333008,390.799988,396.666992,276.080261,56640.0
2005-12-20,390.933014,400.0,390.933014,397.320007,276.534729,72161.0
2005-12-21,398.666992,398.666992,391.679993,396.959991,276.284119,27622.0
2005-12-22,397.333008,397.333008,389.333008,391.666992,272.600189,29152.0
2005-12-23,386.666992,391.920013,386.666992,388.427002,270.345215,2914.0
2005-12-26,389.333008,396.0,386.666992,391.333008,272.367828,3379.0
2005-12-27,386.666992,393.333008,386.666992,389.692993,271.226349,7234.0
2005-12-28,386.707001,391.427002,381.333008,385.147003,268.062378,2025.0
2005-12-29,394.399994,394.640015,380.493011,384.46701,267.589172,2392.0
2005-12-30,385.867004,388.907013,377.747009,386.506989,269.00885,42551.0
2006-01-02,383.572998,388.0,383.572998,386.040009,268.683868,1020.0
2006-01-03,383.600006,389.027008,380.0,385.559998,268.349823,2858.0
2006-01-04,384.013,388.0,380.0,380.173004,264.600555,16451.0
2006-01-05,386.399994,406.666992,380.292999,400.799988,278.956787,30128.0
2006-01-06,389.333008,393.333008,378.666992,380.653015,264.934509,121838.0
2006-01-09,380.799988,381.333008,373.893005,377.22699,262.549957,25616.0
2006-01-10,386.933014,386.933014,373.333008,374.132996,260.396576,87266.0
2006-01-12,373.333008,374.666992,354.666992,357.359985,248.722595,61208.0
2006-01-13,362.666992,366.399994,352.0,352.346985,245.233582,20456.0
2006-01-16,354.666992,360.0,338.707001,342.372986,238.291626,23212.0
2006-01-17,350.666992,357.333008,338.933014,345.147003,240.222351,185359.0
2006-01-18,346.653015,346.666992,340.0,341.692993,237.818329,11674.0
2006-01-19,357.040009,357.040009,341.333008,344.040009,239.451889,43778.0
2006-01-20,359.707001,359.707001,345.933014,354.733002,246.894196,88264.0
2006-01-23,356.266998,360.0,348.0,349.333008,243.135742,214346.0
2006-01-24,349.333008,351.867004,340.0,348.720001,242.709198,18694.0
2006-01-25,354.399994,356.0,349.867004,352.747009,245.511871,8981.0
2006-01-27,349.333008,356.0,349.333008,355.0,247.080002,4350.0
2006-01-30,357.333008,358.600006,352.0,355.013,247.089081,254025.0
2006-01-31,358.666992,358.666992,352.066986,356.399994,248.054367,4414.0
2006-02-01,357.600006,358.640015,349.333008,352.187012,250.391373,3315.0
2006-02-02,355.46701,364.0,349.613007,359.453003,255.557205,8708.0
2006-02-03,358.666992,361.333008,355.200012,358.359985,254.780151,115046.0
2006-02-06,353.333008,370.666992,352.307007,364.333008,259.026703,10312.0
2006-02-07,364.266998,366.666992,353.333008,360.480011,256.287384,4365.0
2006-02-08,354.933014,368.0,354.933014,360.053009,255.983841,306135.0
2006-02-10,356.0,366.666992,356.0,364.493011,259.140472,18420.0
2006-02-13,365.333008,388.0,362.666992,386.200012,274.573364,18971.0
2006-02-14,388.0,402.372986,383.0,400.0,284.384491,78548.0
2006-02-15,413.333008,413.333008,388.213013,401.707001,285.598206,17932.0
2006-02-16,386.666992,405.333008,386.666992,396.46701,281.872742,10721.0
2006-02-17,381.600006,397.066986,381.600006,384.972992,273.700958,20291.0
2006-02-20,385.333008,385.333008,369.333008,370.22699,263.217072,2842.0
2006-02-21,373.333008,373.333008,368.279999,373.200012,265.330811,26021.0
2006-02-22,373.333008,375.987,371.519989,372.852997,265.084045,10481.0
2006-02-23,370.933014,373.333008,368.266998,369.907013,262.989594,19511.0
2006-02-24,370.666992,386.666992,335.147003,373.119995,265.273956,99476.0
2006-02-27,373.333008,373.333008,363.867004,365.893005,260.135773,9739.0
2006-02-28,370.399994,394.666992,364.0,385.733002,274.241302,167081.0
2006-03-01,381.066986,384.0,376.867004,382.867004,272.203705,10061.0
2006-03-02,396.53299,396.53299,373.600006,382.320007,271.814758,47528.0
2006-03-03,384.266998,386.666992,372.320007,382.213013,273.527374,11700.0
2006-03-06,384.0,384.0,374.812988,378.666992,270.989655,8141.0
2006-03-07,374.692993,382.666992,374.692993,381.399994,272.945496,45758.0
2006-03-08,384.0,385.333008,370.946991,374.292999,267.859436,152625.0
2006-03-09,377.333008,377.333008,366.666992,373.040009,266.962677,22556.0
2006-03-10,371.23999,376.266998,368.0,370.707001,265.293121,6049.0
2006-03-13,373.333008,373.333008,366.933014,369.359985,264.329193,5408.0
2006-03-14,371.972992,371.972992,360.266998,363.453003,260.101868,25582.0
2006-03-16,362.799988,373.867004,362.799988,373.679993,267.420746,127882.0
2006-03-17,373.359985,376.0,369.333008,372.506989,266.581268,383006.0
2006-03-20,380.0,389.320007,373.333008,373.972992,267.630432,25061.0
2006-03-21,378.399994,378.666992,370.692993,373.53299,267.315552,15540.0
2006-03-22,373.333008,373.333008,361.867004,363.333008,260.015991,199245.0
2006-03-23,363.733002,370.893005,360.279999,364.0,260.493347,4448.0
2006-03-24,369.279999,371.733002,369.279999,369.386993,264.34845,12229.0
2006-03-27,368.266998,370.666992,360.53299,361.640015,258.804413,6476.0
2006-03-28,361.359985,386.666992,358.066986,370.386993,265.064087,12926.0
2006-03-29,371.972992,373.333008,365.333008,367.559998,263.040985,74719.0
2006-03-30,368.0,381.333008,368.0,375.987,269.071655,19234.0
2006-03-31,360.066986,394.666992,360.066986,385.453003,275.845978,11475.0
2006-04-03,370.959991,399.733002,370.666992,372.307007,266.43811,20692.0
2006-04-04,386.666992,386.666992,366.412994,376.920013,269.739441,38224.0
2006-04-05,384.0,385.066986,365.333008,376.279999,269.281433,506055.0
2006-04-07,377.066986,382.666992,376.320007,380.412994,272.239166,61132.0
2006-04-10,386.653015,388.0,376.0,384.480011,275.14975,26385.0
2006-04-12,387.707001,389.333008,381.333008,386.160004,276.351929,11280.0
2006-04-13,374.666992,386.666992,361.600006,378.307007,270.732025,5055.0
2006-04-17,362.933014,381.320007,362.933014,370.572998,265.197296,11122.0
2006-04-18,373.066986,385.333008,373.066986,382.292999,273.584656,405952.0
2006-04-19,394.653015,394.653015,384.0,385.333008,275.76004,40590.0
2006-04-20,385.333008,393.333008,378.946991,389.279999,278.584717,17122.0
2006-04-21,384.0,394.666992,384.0,391.799988,280.388184,7556.0
2006-04-24,388.53299,413.333008,388.53299,407.506989,291.628662,16721.0
2006-04-25,408.0,413.333008,406.666992,410.106995,293.489349,8632.0
2006-04-26,410.666992,418.399994,404.0,416.972992,298.402954,56659.0
2006-04-27,426.399994,429.600006,418.399994,426.640015,305.321106,55642.0
2006-04-28,426.666992,453.066986,417.359985,441.279999,315.798035,16571.0
2006-05-02,413.333008,522.612976,413.333008,475.907013,340.578583,41673.0
2006-05-03,474.666992,480.0,472.0,474.119995,339.299683,17310.0
2006-05-04,446.692993,498.399994,446.692993,479.77301,343.345276,105292.0
2006-05-05,506.132996,506.132996,464.799988,469.720001,336.150879,14726.0
2006-05-08,466.933014,477.333008,458.707001,467.22699,334.366852,5408.0
2006-05-09,459.493011,482.666992,459.480011,482.412994,345.234497,11576.0
2006-05-10,481.333008,494.666992,473.333008,480.572998,343.917786,176048.0
2006-05-11,485.867004,486.666992,469.333008,485.119995,347.171722,32584.0
2006-05-12,473.867004,490.627014,472.666992,476.572998,341.055206,3611.0
2006-05-15,552.827026,552.827026,453.867004,459.346985,328.727539,3142.0
2006-05-16,433.333008,488.0,400.266998,456.027008,326.351685,10628.0
2006-05-17,466.399994,480.0,453.346985,459.252991,328.660278,3356.0
2006-05-18,428.0,458.640015,400.266998,414.933014,296.943054,20126.0
2006-05-19,421.333008,433.333008,416.0,422.587006,302.420593,8632.0
2006-05-22,400.0,421.333008,373.600006,394.600006,282.391937,29932.0
2006-05-23,362.666992,426.666992,362.666992,417.720001,298.937592,270555.0
2006-05-24,438.399994,450.399994,400.0,410.839996,294.013947,36409.0
2006-05-25,393.333008,419.720001,393.333008,400.987,286.962708,35288.0
2006-05-26,405.867004,450.666992,403.22699,432.200012,309.300079,5816.0
2006-05-29,438.666992,458.666992,433.333008,452.600006,323.899109,57562.0
2006-05-30,461.066986,461.066986,446.666992,453.506989,324.548187,46721.0
2006-05-31,432.0,470.666992,432.0,465.733002,333.297607,9698.0
2006-06-01,479.733002,480.0,442.666992,460.252991,329.375824,7440.0
2006-06-02,437.600006,453.333008,421.333008,448.372986,320.874084,26258.0
2006-06-05,442.666992,442.666992,430.679993,437.600006,313.16452,8970.0
2006-06-06,421.372986,446.666992,414.812988,446.453003,319.500092,77812.0
2006-06-07,420.147003,440.0,387.200012,412.613007,295.282837,8801.0
2006-06-08,402.666992,402.666992,341.333008,370.812988,265.369019,64346.0
2006-06-09,368.0,396.0,352.266998,381.933014,273.326904,28504.0
2006-06-12,386.666992,421.333008,386.666992,418.786987,299.701172,56340.0
2006-06-13,397.333008,398.613007,380.0,386.46701,276.571686,144911.0
2006-06-14,373.747009,400.0,351.707001,386.266998,276.428558,23419.0
2006-06-15,386.666992,393.333008,368.867004,385.799988,276.09433,10564.0
2006-06-16,400.0,426.666992,397.333008,410.092987,293.479309,73511.0
2006-06-19,381.359985,426.666992,381.359985,396.720001,283.909058,7598.0
2006-06-20,411.733002,411.733002,394.77301,399.506989,285.903534,3075.0
2006-06-21,400.0,400.0,392.027008,395.653015,283.145538,2100.0
2006-06-22,412.799988,413.066986,380.546997,383.587006,274.510559,8182.0
2006-06-23,381.333008,386.666992,373.333008,381.092987,272.7258,60690.0
2006-06-26,398.880005,398.880005,373.346985,377.666992,270.273987,12139.0
2006-06-27,378.666992,385.333008,373.333008,373.707001,267.440063,101996.0
2006-06-28,373.333008,383.733002,373.333008,373.679993,267.420746,209760.0
2006-06-29,370.666992,381.320007,370.666992,374.933014,268.317352,17738.0
2006-06-30,386.106995,388.0,380.0,383.972992,274.786804,163826.0
2006-07-03,390.399994,394.666992,375.092987,388.920013,278.327026,104846.0
2006-07-04,389.307007,392.0,376.733002,386.320007,276.4664,42075.0
2006-07-05,380.0,394.933014,377.333008,392.546997,280.922729,83854.0
2006-07-06,380.147003,391.972992,380.147003,386.733002,276.761993,102232.0
2006-07-07,384.266998,393.307007,376.0,383.546997,274.481903,9368.0
2006-07-10,378.666992,390.372986,373.333008,387.733002,277.4776,4860.0
2006-07-11,386.666992,391.733002,384.0,388.559998,278.069427,154534.0
2006-07-12,378.147003,392.0,378.147003,390.013,279.109344,5865.0
2006-07-13,393.307007,393.333008,377.333008,381.559998,273.060028,2138.0
2006-07-14,368.546997,390.386993,368.546997,387.733002,277.4776,89130.0
2006-07-17,382.666992,385.333008,378.933014,380.320007,272.172668,409.0
2006-07-18,377.333008,387.200012,376.333008,384.053009,274.844116,23989.0
2006-07-19,388.23999,391.959991,370.092987,375.987,269.071655,5865.0
2006-07-20,378.666992,386.666992,374.707001,385.412994,275.817352,187189.0
2006-07-21,379.200012,384.799988,376.266998,379.119995,271.313812,1140.0
2006-07-24,361.987,392.0,361.987,390.013,279.109344,134321.0
2006-07-25,394.640015,413.053009,386.666992,395.640015,283.136139,40751.0
2006-07-26,397.600006,416.559998,397.600006,409.279999,292.897583,10185.0
2006-07-27,404.0,412.0,404.0,406.679993,291.036865,3878.0
2006-07-28,404.0,407.200012,397.867004,400.572998,286.666412,1699.0
2006-07-31,394.666992,466.666992,390.666992,443.092987,317.09552,34815.0
2006-08-01,414.812988,442.399994,414.666992,424.852997,304.042236,5366.0
2006-08-02,438.666992,443.200012,426.959991,428.013,306.303741,4155.0
2006-08-03,434.132996,434.933014,402.933014,415.200012,297.134125,19324.0
2006-08-04,420.799988,420.799988,408.0,408.867004,292.60199,5816.0
2006-08-07,390.666992,415.733002,388.440002,404.279999,289.319366,48079.0
2006-08-08,407.733002,410.666992,401.333008,406.559998,290.950989,14404.0
2006-08-09,410.666992,412.0,404.0,408.119995,292.067413,6934.0
2006-08-10,412.399994,417.333008,408.679993,413.867004,296.180206,3544.0
2006-08-11,416.0,423.733002,408.0,410.46701,293.74704,3724.0
2006-08-14,410.666992,417.333008,408.0,413.252991,295.740784,342109.0
2006-08-16,419.867004,429.333008,413.333008,425.160004,310.268311,26228.0
2006-08-17,424.0,427.720001,424.0,424.173004,309.547974,9098.0
2006-08-18,416.0,426.666992,416.0,424.546997,309.820923,42532.0
2006-08-21,440.0,453.587006,430.933014,440.292999,321.311829,17329.0
2006-08-22,449.600006,450.666992,440.0,445.333008,324.989899,49001.0
2006-08-23,445.307007,453.333008,437.333008,439.46701,320.709137,200220.0
2006-08-24,445.040009,445.066986,424.53299,434.200012,316.865387,10369.0
2006-08-25,445.066986,445.333008,429.399994,431.213013,314.685516,39638.0
2006-08-28,422.027008,435.972992,413.386993,427.386993,311.893524,4268.0
2006-08-29,437.066986,442.132996,429.333008,434.320007,316.953003,15986.0
2006-08-30,437.333008,437.333008,428.0,428.22699,312.506531,23850.0
2006-08-31,432.0,432.0,426.666992,427.920013,312.28241,11081.0
2006-09-01,424.53299,430.666992,424.0,427.76001,312.165649,27086.0
2006-09-04,428.799988,428.799988,423.46701,424.852997,310.044189,23378.0
2006-09-05,426.666992,432.0,421.679993,426.440002,311.202393,27911.0
2006-09-06,426.399994,434.666992,426.399994,429.333008,313.313629,509198.0
2006-09-07,436.799988,441.333008,429.359985,434.173004,316.845734,11888.0
2006-09-08,446.666992,452.959991,436.799988,447.160004,326.323181,16688.0
2006-09-11,446.666992,450.666992,441.627014,446.412994,325.778046,125085.0
2006-09-12,432.799988,449.333008,432.799988,447.972992,326.916412,20891.0
2006-09-13,434.812988,450.666992,434.812988,445.893005,325.39859,8036.0
2006-09-14,440.679993,444.266998,438.359985,441.119995,321.915405,5951.0
2006-09-15,438.399994,448.0,438.399994,443.213013,323.442719,13586.0
2006-09-18,445.333008,445.333008,432.292999,433.0,315.989655,9038.0
2006-09-19,440.0,448.0,433.333008,445.587006,325.175232,7849.0
2006-09-20,451.46701,452.799988,432.307007,433.173004,316.115936,15060.0
2006-09-21,441.320007,442.666992,433.627014,434.386993,317.001831,45105.0
2006-09-22,437.333008,453.333008,434.666992,445.399994,325.038757,1092285.0
2006-09-25,436.53299,451.066986,436.53299,446.799988,326.060455,942368.0
2006-09-26,455.519989,455.519989,444.266998,444.733002,324.552094,85635.0
2006-09-27,445.333008,453.333008,440.0,449.200012,327.811951,174442.0
2006-09-28,442.666992,452.53299,442.666992,448.653015,327.41272,24022.0
2006-09-29,446.53299,453.333008,445.893005,450.359985,328.658417,6191.0
2006-10-03,452.0,452.0,440.279999,442.333008,322.800629,6971.0
2006-10-04,447.46701,448.799988,441.066986,447.266998,326.401306,16031.0
2006-10-05,449.867004,453.333008,448.0,452.600006,330.293121,16841.0
2006-10-06,452.0,460.53299,449.359985,455.852997,332.667084,198292.0
2006-10-09,453.346985,476.0,441.480011,466.013,340.081573,42922.0
2006-10-10,476.0,485.333008,474.987,483.799988,353.061829,33908.0
2006-10-11,478.679993,484.799988,469.333008,477.200012,348.245392,2854.0
2006-10-12,498.292999,498.292999,480.0,482.252991,351.932953,7425.0
2006-10-13,490.666992,493.279999,474.933014,483.77301,353.042236,19871.0
2006-10-16,496.013,503.46701,490.132996,498.653015,363.901154,59100.0
2006-10-17,501.333008,519.853027,501.333008,508.200012,370.868195,40455.0
2006-10-18,508.0,516.0,506.666992,511.959991,373.612091,80640.0
2006-10-19,509.600006,517.320007,509.600006,511.613007,373.358826,107760.0
2006-10-20,512.0,517.067017,511.46701,512.026978,373.661041,61684.0
2006-10-23,540.0,540.0,512.267029,516.906982,377.222321,42656.0
2006-10-26,533.067017,533.333008,520.0,524.093018,382.466431,764179.0
2006-10-27,531.732971,531.732971,522.666992,525.387024,383.410828,60082.0
2006-10-30,530.627014,530.627014,525.333008,526.666992,384.34491,55785.0
2006-10-31,525.333008,549.333008,525.333008,546.23999,398.628693,431764.0
2006-11-01,545.973022,546.400024,535.732971,539.213013,393.500519,31174.0
2006-11-02,546.132996,548.0,534.666992,546.333008,398.696564,200498.0
2006-11-03,542.666992,550.666992,536.0,547.559998,399.591888,136245.0
2006-11-06,554.400024,568.0,544.413025,565.307007,412.543091,128520.0
2006-11-07,572.0,602.666992,569.400024,583.280029,425.659271,48090.0
2006-11-08,584.267029,601.320007,584.267029,595.692993,434.717773,276056.0
2006-11-09,597.612976,602.666992,568.612976,576.052979,420.385162,10016.0
2006-11-10,589.333008,591.987,576.0,584.599976,426.622467,146625.0
2006-11-13,590.666992,600.0,590.666992,599.919983,437.802551,96049.0
2006-11-14,602.666992,609.333008,600.0,601.333008,438.83371,17074.0
2006-11-15,603.200012,608.0,586.666992,598.46698,436.742188,23501.0
2006-11-16,610.666992,610.666992,594.666992,603.013,440.059906,301166.0
2006-11-17,599.732971,599.732971,568.0,579.106995,422.613892,281749.0
2006-11-20,578.666992,578.666992,560.0,569.172974,415.364349,185122.0
2006-11-21,573.333008,584.0,570.666992,578.612976,422.253448,203055.0
2006-11-22,576.0,586.679993,570.932983,586.52002,428.023651,502534.0
2006-11-23,587.46698,587.46698,573.333008,576.653015,420.82312,17812.0
2006-11-24,576.0,612.799988,573.333008,575.987,420.337036,20224.0
2006-11-27,575.732971,578.666992,570.132996,574.77301,419.451019,31256.0
2006-11-28,584.0,584.0,562.666992,565.679993,412.815369,48548.0
2006-11-29,570.666992,573.333008,560.0,565.572998,412.737152,11899.0
2006-11-30,575.732971,586.666992,566.400024,573.453003,418.487701,35539.0
2006-12-01,572.267029,578.666992,570.679993,572.666992,417.914215,8865.0
2006-12-04,573.067017,578.666992,558.666992,564.23999,411.764587,4450725.0
2006-12-05,585.333008,597.333008,570.666992,580.76001,423.820282,52290.0
2006-12-06,573.333008,580.0,565.346985,576.492981,420.706268,64984.0
2006-12-07,568.267029,573.333008,561.333008,564.387024,411.871765,118095.0
2006-12-08,573.333008,573.333008,564.067017,566.77301,413.612915,62434.0
2006-12-11,564.0,567.200012,562.666992,566.559998,413.45752,71164.0
2006-12-12,536.0,568.0,536.0,550.159973,401.489258,109541.0
2006-12-13,553.333008,573.333008,525.067017,567.76001,414.333221,50932.0
2006-12-14,570.666992,606.666992,561.47998,588.546997,429.50293,21090.0
2006-12-15,561.47998,599.973022,561.47998,579.786987,423.110168,46725.0
2006-12-18,580.267029,580.267029,536.280029,571.732971,417.232574,62749.0
2006-12-19,562.692993,585.666992,553.599976,564.70697,412.105316,9311.0
2006-12-20,560.026978,580.0,549.599976,561.599976,409.83783,120900.0
2006-12-21,560.29303,564.0,546.666992,558.46698,407.551483,1039.0
2006-12-22,562.546997,573.333008,557.627014,568.719971,415.033783,29310.0
2006-12-26,599.840027,599.840027,562.346985,584.880005,426.826904,9968.0
2006-12-27,573.653015,575.70697,568.0,570.612976,416.415192,5572.0
2006-12-28,582.666992,583.46698,569.333008,570.640015,416.434998,43898.0
2006-12-29,571.46698,573.333008,562.932983,566.76001,413.603455,22358.0
2007-01-02,566.76001,570.893005,560.0,566.893005,413.7005,4328.0
2007-01-03,570.0,570.893005,566.932983,568.906982,415.170288,806.0
2007-01-04,569.346985,573.333008,565.333008,565.906982,412.980988,26516.0
2007-01-05,562.666992,573.333008,554.960022,563.067017,410.908447,16282.0
2007-01-08,563.067017,563.067017,544.0,551.359985,402.365051,64961.0
2007-01-09,557.333008,567.46698,538.666992,547.47998,399.533386,29359.0
2007-01-10,547.47998,557.333008,540.0,548.492981,400.272888,35051.0
2007-01-11,548.492981,551.732971,540.0,541.200012,394.950653,9098.0
2007-01-12,555.732971,557.333008,541.333008,554.0,404.291595,127369.0
2007-01-15,566.666992,570.132996,560.0,568.747009,415.053467,81832.0
2007-01-16,569.067017,577.333008,552.0,553.719971,404.08728,15608.0
2007-01-17,565.333008,565.333008,548.0,550.267029,401.567444,175324.0
2007-01-18,556.0,556.0,540.0,542.960022,396.234985,197531.0
2007-01-19,553.333008,553.333008,538.666992,541.29303,395.018463,44801.0
2007-01-22,542.0,546.666992,522.666992,530.960022,387.477814,609922.0
2007-01-23,543.372986,543.400024,536.29303,538.947021,393.306488,36709.0
2007-01-24,554.080017,554.080017,537.333008,546.267029,398.648315,52219.0
2007-01-25,548.0,548.799988,536.026978,539.987,394.065369,22335.0
2007-01-29,546.666992,553.333008,541.067017,550.599976,401.810425,49522.0
2007-01-31,540.400024,542.0,534.666992,536.132996,399.228729,13196.0
2007-02-01,536.0,541.333008,530.666992,535.052979,398.424469,96484.0
2007-02-02,537.346985,546.400024,535.47998,539.026978,401.383698,38302.0
2007-02-05,540.013,540.013,533.627014,535.320007,398.623352,11490.0
2007-02-06,543.413025,543.413025,521.333008,528.692993,393.688629,94129.0
2007-02-07,545.333008,545.333008,523.23999,532.0,396.151123,162638.0
2007-02-08,532.280029,536.0,528.0,532.546997,396.55838,7245.0
2007-02-09,535.46698,535.46698,529.333008,530.586975,395.098969,121252.0
2007-02-12,520.333008,528.53302,518.666992,520.080017,387.274963,63832.0
2007-02-13,518.666992,518.666992,506.933014,512.666992,381.754913,168206.0
2007-02-14,507.200012,509.333008,502.0,506.679993,377.296692,88755.0
2007-02-15,527.46698,532.0,510.812988,520.0,387.215424,97189.0
2007-02-19,522.666992,527.679993,507.066986,512.372986,381.53595,3671.0
2007-02-20,501.359985,516.747009,493.333008,504.77301,375.876709,69892.0
2007-02-21,519.973022,519.973022,500.0,504.053009,375.340546,391234.0
2007-02-22,506.666992,506.666992,500.0,504.412994,375.608612,18791.0
2007-02-23,504.0,509.066986,496.0,501.666992,373.563782,782520.0
2007-02-26,488.0,519.200012,482.733002,487.959991,363.356995,157650.0
2007-02-27,490.666992,498.359985,484.0,493.453003,367.447266,20482.0
2007-02-28,493.333008,516.0,468.0,505.187012,376.184998,46279.0
2007-03-01,501.333008,502.666992,493.386993,501.333008,373.315094,49178.0
2007-03-02,506.640015,512.799988,496.0,502.826996,374.427551,9292.0
2007-03-05,490.666992,499.972992,481.333008,487.066986,362.692017,59456.0
2007-03-06,453.600006,493.600006,453.600006,477.480011,355.55307,137689.0
2007-03-07,480.0,480.0,465.600006,467.46701,348.097015,28110.0
2007-03-08,476.812988,490.666992,474.666992,478.880005,356.595551,27094.0
2007-03-09,480.0,486.666992,477.600006,479.386993,356.973114,10384.0
2007-03-12,486.132996,489.333008,482.666992,483.386993,359.951721,25845.0
2007-03-13,493.053009,493.053009,483.412994,485.333008,361.400726,80985.0
2007-03-14,492.132996,492.132996,466.666992,468.372986,348.771606,42352.0
2007-03-15,478.666992,485.333008,472.053009,481.320007,358.412476,16189.0
2007-03-16,487.733002,493.333008,478.666992,486.160004,362.016632,17599.0
2007-03-19,485.333008,498.666992,475.200012,494.666992,368.351257,8700.0
2007-03-20,486.399994,512.0,486.399994,506.946991,377.495514,11411.0
2007-03-21,522.146973,522.146973,498.666992,512.427002,381.576141,51832.0
2007-03-22,516.187012,527.786987,486.692993,497.76001,370.654572,31624.0
2007-03-23,506.372986,506.372986,493.333008,495.933014,369.294006,11036.0
2007-03-26,506.266998,529.867004,500.0,502.587006,374.248901,48154.0
2007-03-28,504.0,509.333008,485.066986,493.053009,367.149445,19065.0
2007-03-29,459.173004,506.666992,459.173004,502.453003,374.149109,5929.0
2007-03-30,506.640015,521.599976,504.027008,519.46698,386.818481,27112.0
2007-04-02,527.200012,527.200012,496.0,501.266998,373.265991,7530.0
2007-04-03,501.266998,513.333008,501.266998,504.187012,375.440338,4339.0
2007-04-04,517.333008,519.307007,494.666992,496.666992,369.840576,7984.0
2007-04-05,503.733002,513.333008,485.907013,489.386993,364.419556,31931.0
2007-04-09,498.666992,509.333008,493.333008,502.519989,374.198975,19654.0
2007-04-10,506.613007,525.333008,506.613007,514.067017,382.797424,45592.0
2007-04-11,513.333008,524.0,512.0,519.47998,386.828125,45101.0
2007-04-12,517.333008,525.400024,513.333008,524.77301,390.769592,76102.0
2007-04-13,526.666992,559.732971,525.333008,554.400024,412.831207,93630.0
2007-04-16,546.719971,566.666992,544.53302,547.427002,407.638763,23992.0
2007-04-17,547.46698,555.653015,533.599976,540.146973,402.217743,7804.0
2007-04-18,548.799988,552.0,542.732971,547.346985,407.579102,122929.0
2007-04-19,541.867004,549.867004,530.666992,535.692993,398.90097,6611.0
2007-04-20,552.0,566.666992,537.932983,554.067017,412.583252,17145.0
2007-04-23,556.0,560.0,547.47998,557.22699,414.936279,39979.0
2007-04-24,556.267029,557.052979,544.0,545.252991,406.019836,8794.0
2007-04-25,538.932983,560.0,533.333008,538.320007,400.8573,55241.0
2007-04-26,553.280029,553.280029,538.666992,543.440002,404.669861,51525.0
2007-04-27,546.666992,546.666992,533.052979,536.799988,399.725342,35910.0
2007-04-30,538.666992,560.0,533.333008,553.093018,411.85791,24161.0
2007-05-03,560.0,573.333008,538.827026,546.093018,406.645325,59970.0
2007-05-04,549.320007,551.46698,540.280029,542.666992,404.094177,14632.0
2007-05-07,546.666992,546.666992,537.333008,538.906982,401.294373,9330.0
2007-05-08,534.132996,544.0,533.867004,535.53302,398.781982,12266.0
2007-05-09,542.666992,542.666992,533.627014,534.919983,398.325409,6045.0
2007-05-10,541.067017,541.307007,520.0,535.947021,399.09024,70624.0
2007-05-11,529.492981,562.666992,527.987,536.840027,399.755127,23381.0
2007-05-14,542.666992,542.666992,534.132996,539.013,401.373352,3818.0
2007-05-15,537.333008,542.666992,533.333008,537.0,399.874329,18791.0
2007-05-16,536.53302,541.320007,532.0,533.440002,397.22345,35734.0
2007-05-17,537.333008,541.333008,533.333008,534.840027,398.26593,22192.0
2007-05-18,538.53302,538.666992,533.359985,537.200012,400.023224,3049.0
2007-05-21,538.666992,541.333008,534.132996,539.70697,401.890076,29936.0
2007-05-22,543.46698,545.827026,534.932983,537.679993,400.380707,40781.0
2007-05-23,535.333008,546.052979,535.333008,541.46698,403.200684,110134.0
2007-05-24,536.867004,546.132996,536.867004,543.719971,404.878357,3821.0
2007-05-25,541.333008,549.333008,541.333008,546.692993,407.092163,8584.0
2007-05-28,541.732971,573.333008,541.599976,559.987,416.991425,35734.0
2007-05-29,548.146973,622.666992,548.146973,607.29303,452.217712,30634.0
2007-05-30,607.29303,610.132996,588.0,593.0,441.574402,14888.0
2007-05-31,610.666992,612.0,592.0,608.973022,453.468628,12821.0
2007-06-01,607.732971,713.333008,567.146973,588.307007,438.079926,46868.0
2007-06-04,589.333008,604.0,573.747009,579.400024,431.447266,14002.0
2007-06-05,581.333008,585.333008,564.799988,568.200012,423.1073,22388.0
2007-06-06,570.666992,570.666992,556.013,558.546997,415.91925,71842.0
2007-06-07,567.732971,567.732971,546.666992,553.106995,411.868347,19358.0
2007-06-08,551.840027,551.919983,541.333008,547.333008,407.568756,59621.0
2007-06-11,559.732971,569.559998,546.666992,548.546997,408.472839,16691.0
2007-06-12,554.919983,559.732971,546.666992,552.906982,411.719391,7140.0
2007-06-13,550.666992,557.867004,544.026978,546.692993,407.092163,97245.0
2007-06-14,544.799988,586.507019,544.799988,553.280029,411.997162,6000.0
2007-06-15,556.0,565.333008,548.0,554.23999,412.712097,25958.0
2007-06-18,581.947021,581.947021,548.039978,558.132996,415.610931,15626.0
2007-06-19,560.0,564.0,555.200012,562.987,419.225403,57458.0
2007-06-20,560.799988,573.333008,548.0,560.453003,417.338501,62944.0
2007-06-21,552.0,572.799988,550.812988,569.307007,423.93158,39292.0
2007-06-22,571.200012,589.333008,562.666992,583.932983,434.822754,493519.0
2007-06-25,585.067017,646.400024,585.067017,620.507019,462.057434,96416.0
2007-06-26,632.0,640.0,626.666992,635.080017,472.909027,138068.0
2007-06-27,644.0,658.666992,616.0,623.827026,464.529633,22822.0
2007-06-28,624.0,638.640015,608.0,617.893005,460.11084,1175602.0
2007-06-29,623.732971,626.666992,597.359985,622.586975,463.60614,103635.0
2007-07-02,626.666992,633.333008,588.0,594.026978,442.339264,219465.0
2007-07-03,611.732971,620.0,593.333008,596.799988,444.404114,19429.0
2007-07-04,610.666992,613.067017,592.0,593.026978,441.594543,20224.0
2007-07-05,562.666992,620.0,562.666992,609.187012,453.628082,1173195.0
2007-07-06,637.333008,639.46698,600.026978,606.840027,451.880402,43020.0
2007-07-09,588.333008,608.0,588.333008,600.947021,447.492279,202845.0
2007-07-10,600.947021,605.333008,598.666992,602.427002,448.594269,55088.0
2007-07-11,593.627014,604.47998,593.333008,595.119995,443.153168,49474.0
2007-07-12,603.067017,605.333008,596.0,598.947021,446.002869,17910.0
2007-07-13,605.067017,605.333008,593.333008,598.346985,445.556122,27735.0
2007-07-16,605.333008,605.333008,593.333008,593.827026,442.190308,60900.0
2007-07-17,600.0,600.0,593.333008,596.267029,444.007233,13680.0
2007-07-18,597.333008,597.333008,593.333008,594.586975,442.756317,15030.0
2007-07-19,597.333008,603.46698,592.0,600.200012,446.935974,18251.0
2007-07-20,616.0,616.0,593.333008,600.987,447.521912,45615.0
2007-07-23,597.333008,607.46698,586.666992,593.867004,442.21994,48071.0
2007-07-24,605.333008,605.333008,593.333008,594.76001,442.885132,518872.0
2007-07-25,594.666992,598.666992,589.867004,594.213013,442.477722,64969.0
2007-07-26,600.013,604.213013,594.666992,599.840027,446.667908,127129.0
2007-07-27,599.840027,599.987,589.333008,593.23999,441.753082,79162.0
2007-07-30,594.679993,595.200012,585.333008,586.812988,436.967316,56355.0
2007-07-31,588.799988,593.867004,576.280029,585.159973,435.736481,38651.0
2007-08-01,577.333008,583.987,568.0,572.627014,426.403809,94646.0
2007-08-02,578.679993,583.46698,549.333008,551.586975,410.736389,214211.0
2007-08-03,554.666992,560.0,549.333008,553.052979,411.828156,28058.0
2007-08-06,552.013,562.666992,546.666992,555.799988,413.873627,121384.0
2007-08-07,553.346985,586.106995,552.559998,580.052979,431.933502,85065.0
2007-08-08,576.0,584.267029,569.333008,579.132996,439.584625,11456.0
2007-08-09,587.427002,587.427002,562.666992,575.106995,436.528717,16485.0
2007-08-10,562.666992,586.666992,557.333008,585.440002,444.371918,51424.0
2007-08-13,586.679993,592.53302,554.666992,568.052979,431.174561,10271.0
2007-08-14,570.106995,570.106995,550.159973,553.252991,419.940674,126034.0
2007-08-16,544.0,563.987,533.333008,543.827026,412.786102,24371.0
2007-08-17,543.987,544.0,518.666992,526.333008,399.507446,161959.0
2007-08-20,546.132996,546.666992,526.932983,535.346985,406.349426,12848.0
2007-08-21,533.333008,534.666992,510.679993,515.132996,391.006195,22898.0
2007-08-22,521.333008,529.333008,512.53302,525.640015,398.981323,7402.0
2007-08-23,551.919983,557.333008,520.0,524.267029,397.93927,16132.0
2007-08-24,528.052979,541.333008,524.267029,536.932983,407.553223,28016.0
2007-08-27,540.799988,549.067017,539.732971,545.666992,414.182709,7365.0
2007-08-28,552.0,557.333008,546.400024,555.400024,421.570404,19418.0
2007-08-29,544.0,581.333008,538.932983,556.599976,422.481262,91054.0
2007-08-30,560.0,568.0,541.372986,551.039978,418.260895,80220.0
2007-08-31,559.732971,573.333008,550.400024,556.960022,422.754486,83505.0
2007-09-03,573.067017,580.53302,556.0,559.146973,424.41449,110452.0
2007-09-04,566.666992,589.333008,561.947021,585.492981,444.412018,38606.0
2007-09-05,586.666992,597.333008,578.666992,584.947021,443.997742,28110.0
2007-09-06,582.666992,605.333008,582.666992,599.372986,454.947571,28740.0
2007-09-07,613.052979,613.052979,589.333008,595.23999,451.810516,113512.0
2007-09-10,589.333008,592.0,580.0,586.572998,445.231903,256972.0
2007-09-11,591.719971,595.987,572.546997,574.267029,435.891327,45086.0
2007-09-12,585.333008,585.333008,576.799988,582.76001,442.337677,29951.0
2007-09-13,586.400024,593.599976,582.932983,592.387024,449.644928,52774.0
2007-09-14,596.973022,596.973022,585.333008,586.893005,445.474823,23468.0
2007-09-17,586.679993,591.973022,586.666992,586.747009,445.364075,16312.0
2007-09-18,586.653015,588.53302,581.346985,586.666992,445.303253,421778.0
2007-09-19,588.267029,623.46698,586.666992,597.132996,453.247314,145065.0
2007-09-20,600.0,618.666992,589.333008,610.853027,463.661438,97605.0
2007-09-21,615.947021,615.947021,584.0,589.132996,447.175018,24191.0
2007-09-24,604.159973,604.159973,573.333008,581.599976,441.457184,71569.0
2007-09-25,588.799988,593.333008,573.333008,584.640015,443.764648,27592.0
2007-09-26,581.867004,584.799988,573.599976,577.586975,438.411194,21034.0
2007-09-27,576.0,580.53302,549.76001,556.333008,422.278595,42210.0
2007-09-28,565.320007,568.53302,550.666992,561.46698,426.175476,21652.0
2007-10-01,561.599976,563.987,549.867004,551.947021,418.949493,47186.0
2007-10-03,559.732971,570.666992,553.346985,567.919983,431.073639,184391.0
2007-10-04,566.666992,570.666992,546.666992,553.492981,420.122833,702394.0
2007-10-05,553.492981,553.492981,536.267029,539.76001,409.698975,334106.0
2007-10-08,546.666992,546.666992,522.666992,525.640015,398.981323,182824.0
2007-10-09,533.333008,533.333008,517.333008,527.732971,400.570038,200670.0
2007-10-10,535.46698,549.320007,533.359985,543.0,412.158234,56156.0
2007-10-11,545.333008,549.333008,524.159973,535.039978,406.116364,78649.0
2007-10-12,533.867004,533.867004,506.666992,517.200012,392.575165,136069.0
2007-10-15,517.333008,520.0,505.333008,510.679993,387.626129,561326.0
2007-10-16,514.932983,520.0,499.46701,502.627014,381.513641,492761.0
2007-10-17,480.0,504.0,480.0,501.079987,380.339325,33728.0
2007-10-18,506.666992,514.666992,494.666992,500.0,379.519684,580534.0
2007-10-19,546.666992,546.666992,490.733002,499.453003,379.104462,27330.0
2007-10-22,488.0,501.333008,480.013,497.946991,377.961243,28069.0
2007-10-23,503.707001,503.707001,497.333008,498.852997,378.649048,3539745.0
2007-10-24,512.0,512.0,496.0,498.76001,378.57843,252728.0
2007-10-25,496.266998,501.066986,490.666992,496.826996,377.111237,93368.0
2007-10-26,502.666992,568.70697,497.333008,556.827026,422.653503,365111.0
2007-10-29,557.333008,623.640015,521.47998,533.492981,404.942017,387176.0
2007-10-30,533.333008,556.53302,522.666992,530.70697,402.827423,459195.0
2007-10-31,521.47998,540.106995,508.147003,526.960022,399.983307,209381.0
2007-11-01,538.612976,540.0,520.0,527.052979,400.053955,53745.0
2007-11-02,506.946991,544.0,506.946991,529.732971,402.088104,82890.0
2007-11-05,540.0,540.0,513.333008,523.267029,397.180176,133282.0
2007-11-06,525.013,528.0,518.440002,521.987,396.208588,32164.0
2007-11-07,530.666992,558.666992,494.679993,507.893005,385.510742,201049.0
2007-11-08,513.359985,513.359985,496.0,501.0,380.278656,205789.0
2007-11-12,512.0,520.0,501.333008,501.959991,381.007385,34181.0
2007-11-13,510.613007,511.972992,500.0,500.066986,379.570496,130024.0
2007-11-14,517.333008,517.333008,500.666992,503.720001,382.343292,41812.0
2007-11-15,506.666992,512.0,504.0,505.920013,384.013184,316099.0
2007-11-16,505.346985,512.0,504.0,506.852997,384.721252,59576.0
2007-11-19,513.867004,513.867004,501.333008,505.266998,383.517456,36720.0
2007-11-20,503.679993,508.0,500.279999,501.346985,380.542053,461239.0
2007-11-21,505.320007,505.320007,489.333008,491.839996,373.325836,191276.0
2007-11-22,488.013,492.0,485.867004,488.959991,371.139801,96634.0
2007-11-23,492.799988,492.799988,469.747009,473.786987,359.622955,86734.0
2007-11-26,484.786987,484.799988,475.013,475.46701,360.898102,28245.0
2007-11-27,480.799988,480.799988,468.440002,471.893005,358.185242,66364.0
2007-11-28,480.0,480.0,465.600006,466.666992,354.218597,158809.0
2007-11-29,477.066986,477.333008,468.0,472.867004,358.924561,13492.0
2007-11-30,474.386993,493.333008,473.346985,474.76001,360.36145,229879.0
2007-12-03,476.0,496.0,476.0,490.920013,372.627533,21799.0
2007-12-04,493.346985,501.333008,483.346985,498.826996,378.629303,19950.0
2007-12-05,500.53299,509.333008,496.0,506.613007,384.539185,150041.0
2007-12-06,508.799988,510.666992,502.666992,505.307007,383.547821,9412.0
2007-12-07,506.679993,510.666992,494.666992,495.53299,376.128967,12862.0
2007-12-10,486.666992,506.720001,486.666992,503.200012,381.948517,17595.0
2007-12-11,504.0,506.653015,486.733002,489.412994,371.483643,30476.0
2007-12-12,505.333008,505.333008,470.839996,487.546997,370.067261,83032.0
2007-12-13,492.799988,493.333008,477.333008,478.493011,363.194977,479512.0
2007-12-14,484.799988,493.200012,480.53299,482.972992,366.59549,58144.0
2007-12-17,485.066986,491.972992,476.0,479.307007,363.812775,65325.0
2007-12-18,477.333008,482.399994,476.0,478.412994,363.134277,28500.0
2007-12-19,480.266998,485.333008,472.053009,478.600006,363.276123,34654.0
2007-12-20,479.733002,506.666992,470.0,489.480011,371.534515,92092.0
2007-12-24,493.066986,503.733002,483.079987,492.22699,373.619598,449212.0
2007-12-26,493.066986,493.346985,490.692993,492.132996,373.548187,88920.0
2007-12-27,492.799988,500.0,490.666992,494.399994,375.268982,313699.0
2007-12-28,486.53299,495.867004,486.53299,493.040009,374.236694,66990.0
2007-12-31,493.279999,530.666992,493.040009,513.76001,389.963959,74002.0
2008-01-01,514.132996,524.0,509.333008,513.093018,389.457703,40928.0
2008-01-02,517.333008,519.732971,507.200012,510.653015,387.605713,21390.0
2008-01-03,508.0,516.0,500.066986,512.640015,389.113922,77089.0
2008-01-04,512.799988,514.599976,495.013,498.959991,378.730225,79804.0
2008-01-07,498.959991,504.0,478.027008,488.920013,371.109467,52020.0
2008-01-08,487.46701,492.747009,483.013,484.307007,367.608002,186772.0
2008-01-09,484.266998,488.53299,476.799988,477.867004,362.719757,354956.0
2008-01-10,476.799988,481.333008,472.0,475.252991,360.735657,272194.0
2008-01-11,474.132996,474.666992,456.53299,459.493011,348.773132,58601.0
2008-01-14,459.493011,466.666992,456.266998,458.333008,347.8927,163770.0
2008-01-15,460.799988,460.799988,450.666992,451.812988,342.943787,213495.0
2008-01-16,451.812988,453.333008,433.320007,436.252991,331.133148,148181.0
2008-01-17,439.733002,453.333008,420.092987,423.692993,321.59964,266108.0
2008-01-18,434.613007,434.613007,402.933014,412.0,312.724152,353486.0
2008-01-21,408.0,436.77301,400.0,423.200012,321.225403,232358.0
2008-01-22,421.333008,474.666992,409.040009,419.600006,318.492828,483266.0
2008-01-23,423.46701,460.0,400.0,418.147003,317.389893,223245.0
2008-01-24,439.707001,439.707001,409.333008,415.546997,315.416473,74520.0
2008-01-25,418.666992,434.399994,413.333008,431.412994,327.459412,82421.0
2008-01-28,431.733002,438.666992,418.666992,426.812988,323.967804,405769.0
2008-01-29,428.799988,439.46701,415.333008,420.053009,318.836761,91459.0
2008-01-30,424.266998,434.399994,406.946991,416.0,315.760284,218584.0
2008-01-31,432.040009,493.066986,413.333008,479.106995,363.661011,1543436.0
2008-02-01,493.066986,497.266998,468.0,478.77301,363.407532,191025.0
2008-02-04,486.666992,497.333008,485.359985,493.600006,374.661743,155824.0
2008-02-05,492.799988,501.333008,486.666992,498.613007,378.466858,193148.0
2008-02-06,489.333008,497.066986,480.0,488.320007,370.653992,649958.0
2008-02-07,490.132996,496.0,472.399994,473.747009,359.59259,116456.0
2008-02-08,474.132996,479.707001,464.0,470.346985,357.01181,402596.0
2008-02-11,471.46701,474.132996,453.600006,459.799988,349.006165,192930.0
2008-02-12,460.799988,466.132996,441.559998,457.292999,347.103302,43642.0
2008-02-13,458.132996,466.386993,453.346985,457.972992,347.619476,36000.0
2008-02-14,460.0,465.600006,450.666992,455.279999,354.080048,375855.0
2008-02-15,453.747009,464.0,453.747009,460.506989,358.145111,11831.0
2008-02-18,469.333008,469.333008,456.0,458.427002,356.527496,168600.0
2008-02-19,460.799988,466.132996,458.720001,461.453003,358.880798,384848.0
2008-02-20,460.0,464.0,453.627014,461.119995,358.621826,176018.0
2008-02-21,463.200012,469.333008,456.0,460.040009,357.781982,7868.0
2008-02-22,459.46701,460.0,456.266998,459.279999,357.190887,7530.0
2008-02-25,460.799988,460.799988,454.933014,456.493011,355.023438,13039.0
2008-02-26,460.0,466.572998,449.346985,458.546997,356.620819,250204.0
2008-02-27,460.0,467.733002,453.066986,459.733002,357.543182,45806.0
2008-02-28,462.613007,466.666992,457.613007,462.292999,359.534119,36158.0
2008-02-29,465.279999,471.972992,460.826996,469.027008,364.771362,35220.0
2008-03-03,461.333008,473.600006,457.399994,468.627014,364.460266,25800.0
2008-03-04,469.333008,469.333008,461.399994,464.747009,361.442719,49774.0
2008-03-05,464.266998,466.399994,454.666992,456.46701,355.003174,29512.0
2008-03-07,453.066986,460.799988,431.733002,453.546997,352.732239,192870.0
2008-03-10,452.0,453.333008,441.333008,444.666992,345.82608,139271.0
2008-03-11,444.666992,453.292999,442.707001,447.132996,347.743896,15806.0
2008-03-12,474.666992,474.666992,449.359985,450.666992,350.49234,45536.0
2008-03-13,453.066986,453.066986,441.333008,445.799988,346.707214,25279.0
2008-03-14,453.066986,453.600006,440.53299,451.946991,351.487793,22342.0
2008-03-17,451.946991,451.946991,436.0,437.252991,340.060059,23194.0
2008-03-18,437.333008,446.666992,437.333008,439.266998,341.626312,32265.0
2008-03-19,453.333008,460.0,439.46701,441.346985,343.244049,62978.0
2008-03-24,440.013,444.399994,426.679993,429.53299,334.05603,669555.0
2008-03-25,432.027008,441.333008,432.013,434.453003,337.882446,222368.0
2008-03-26,440.0,445.066986,430.679993,432.666992,336.493408,33469.0
2008-03-27,434.666992,447.987,427.066986,443.812988,345.161926,34080.0
2008-03-28,437.867004,456.0,434.666992,455.279999,354.080048,75802.0
2008-03-31,448.0,472.0,443.200012,460.213013,357.916504,31612.0
2008-04-01,460.0,468.799988,449.627014,452.733002,352.099152,30776.0
2008-04-02,464.53299,466.119995,452.799988,455.720001,354.422272,129289.0
2008-04-03,461.333008,462.132996,453.867004,460.307007,357.989594,23681.0
2008-04-04,454.666992,463.412994,451.987,453.346985,352.576691,46046.0
2008-04-07,461.333008,461.333008,454.666992,460.079987,357.813019,51802.0
2008-04-08,462.666992,466.666992,460.0,463.386993,360.384979,88714.0
2008-04-09,463.200012,486.666992,462.679993,483.907013,376.343781,258525.0
2008-04-10,485.066986,502.653015,484.799988,491.279999,382.077911,73215.0
2008-04-11,495.46701,497.333008,487.0,488.692993,380.065918,104835.0
2008-04-15,493.333008,499.733002,476.266998,483.880005,376.322723,80175.0
2008-04-16,533.172974,533.333008,488.53299,500.907013,389.564972,48731.0
2008-04-17,512.0,514.666992,493.333008,500.640015,389.357361,21388.0
2008-04-21,505.600006,506.666992,482.666992,486.720001,378.531494,25271.0
2008-04-22,490.666992,494.399994,482.132996,482.77301,375.461853,25999.0
2008-04-23,485.867004,495.359985,482.666992,483.812988,376.27063,19766.0
2008-04-24,490.666992,506.132996,479.200012,482.666992,375.379456,72202.0
2008-04-25,484.266998,485.867004,471.46701,474.0,368.638947,13282.0
2008-04-28,477.867004,480.0,469.627014,470.933014,366.253632,9047.0
2008-04-29,471.46701,475.733002,466.399994,469.386993,365.05127,263469.0
2008-04-30,470.399994,474.132996,454.399994,458.292999,356.423279,184982.0
2008-05-02,474.132996,474.132996,458.292999,463.173004,360.218567,24964.0
2008-05-05,464.027008,474.666992,464.027008,467.572998,363.640472,489810.0
2008-05-06,469.333008,470.826996,461.972992,464.079987,360.923859,17014.0
2008-05-07,464.0,477.333008,456.053009,471.092987,366.378113,129459.0
2008-05-08,458.692993,473.572998,447.546997,469.493011,365.133728,72926.0
2008-05-09,463.493011,497.600006,463.493011,485.653015,377.701691,96591.0
2008-05-12,476.799988,504.0,464.0,496.987,386.516357,79050.0
2008-05-13,500.266998,502.933014,491.279999,498.320007,387.552979,27821.0
2008-05-14,498.132996,506.666992,482.666992,489.733002,380.874786,51538.0
2008-05-15,488.027008,494.933014,485.333008,488.160004,379.651428,41201.0
2008-05-16,490.666992,491.200012,482.666992,485.200012,377.349335,37041.0
2008-05-20,482.666992,482.666992,474.132996,479.653015,373.035339,137544.0
2008-05-21,482.666992,482.666992,470.027008,472.880005,367.767944,9797.0
2008-05-22,460.799988,474.666992,455.22699,469.519989,365.154663,7378.0
2008-05-23,471.46701,476.613007,467.733002,472.027008,367.104492,4344.0
2008-05-26,469.333008,481.066986,456.53299,472.53299,367.498016,29616.0
2008-05-27,472.53299,477.867004,464.587006,466.933014,363.142761,3844.0
2008-05-28,443.867004,466.666992,443.867004,464.480011,361.235016,8198.0
2008-05-29,468.266998,472.0,463.46701,466.640015,362.914948,59473.0
2008-05-30,465.066986,465.066986,455.092987,461.412994,358.849701,32728.0
2008-06-02,459.200012,470.933014,435.252991,445.119995,346.178284,19515.0
2008-06-03,421.333008,439.46701,421.333008,428.692993,333.40274,20473.0
2008-06-04,428.692993,429.22699,401.627014,405.972992,315.733032,18999.0
2008-06-05,405.972992,427.200012,385.679993,418.666992,325.605408,41554.0
2008-06-06,413.333008,431.972992,405.333008,423.119995,329.068634,29953.0
2008-06-09,405.600006,421.333008,396.799988,411.546997,320.067993,9291.0
2008-06-10,405.333008,410.666992,390.987,405.412994,315.297485,18368.0
2008-06-11,400.53299,414.933014,394.959991,409.839996,318.740387,196481.0
2008-06-12,407.46701,408.0,386.666992,402.453003,312.995392,316727.0
2008-06-13,394.692993,400.0,387.200012,396.77301,308.577942,11408.0
2008-06-16,400.0,437.333008,389.493011,414.187012,322.121155,30199.0
2008-06-17,414.187012,432.53299,405.920013,428.480011,333.237122,25348.0
2008-06-18,423.46701,429.627014,402.959991,412.613007,320.897064,62520.0
2008-06-19,397.653015,422.372986,397.653015,418.187012,325.231995,53031.0
2008-06-20,405.493011,427.46701,405.493011,416.613007,324.007904,51679.0
2008-06-23,405.493011,416.0,396.799988,399.946991,311.046356,18939.0
2008-06-24,389.359985,402.666992,387.386993,400.0,311.087646,32784.0
2008-06-25,392.132996,423.46701,389.46701,414.987,322.743378,256596.0
2008-06-26,405.653015,425.066986,400.826996,418.053009,325.127808,159006.0
2008-06-27,397.173004,422.399994,394.959991,414.559998,322.411285,18174.0
2008-06-30,415.46701,418.53299,405.412994,413.627014,321.685638,103693.0
2008-07-01,400.027008,426.346985,394.959991,408.613007,317.786194,89216.0
2008-07-02,400.0,432.0,388.187012,404.613007,314.675293,68344.0
2008-07-03,405.333008,405.333008,394.666992,395.76001,307.790161,35618.0
2008-07-04,389.920013,405.333008,389.920013,405.173004,315.110809,100491.0
2008-07-07,403.733002,411.707001,401.600006,407.252991,316.728455,8108.0
2008-07-08,394.826996,416.0,394.826996,406.720001,316.313965,62498.0
2008-07-09,401.600006,425.066986,401.440002,423.440002,329.317413,16746.0
2008-07-10,411.200012,426.640015,408.559998,417.386993,324.609863,4693.0
2008-07-11,411.733002,416.453003,401.493011,407.972992,317.288361,5601.0
2008-07-14,399.519989,410.027008,397.333008,400.106995,311.170837,5212.0
2008-07-15,395.200012,411.200012,392.53299,400.0,311.087646,226245.0
2008-07-16,394.692993,405.333008,394.692993,398.640015,310.029999,24152.0
2008-07-17,414.399994,414.399994,400.027008,405.386993,315.277222,21317.0
2008-07-18,400.132996,414.399994,397.46701,411.386993,319.943481,18546.0
2008-07-21,401.092987,425.252991,400.587006,417.412994,324.630035,946708.0
2008-07-22,405.867004,425.600006,403.200012,422.399994,328.508545,7984.0
2008-07-23,424.0,445.333008,424.0,439.572998,341.864288,25599.0
2008-07-24,440.027008,453.333008,429.386993,450.720001,350.533661,18643.0
2008-07-25,445.333008,456.0,437.386993,453.066986,352.358917,20019.0
2008-07-28,441.600006,464.0,437.867004,456.053009,354.681213,17544.0
2008-07-29,437.333008,458.666992,437.333008,444.23999,345.494049,41426.0
2008-07-30,442.666992,458.666992,434.987,443.200012,344.68515,11925.0
2008-07-31,438.399994,448.53299,429.867004,447.972992,348.397217,21377.0
2008-08-01,437.333008,448.0,434.720001,447.653015,348.148315,12219.0
2008-08-04,438.427002,453.333008,438.427002,449.627014,349.683624,77786.0
2008-08-05,441.600006,458.666992,440.0,451.867004,351.425659,10796.0
2008-08-06,479.46701,479.46701,448.0,453.092987,352.379089,91358.0
2008-08-07,448.0,453.333008,446.640015,447.920013,348.355988,4273.0
2008-08-08,445.867004,452.799988,440.0,449.092987,349.26825,74874.0
2008-08-11,458.933014,463.46701,448.160004,461.013,358.538696,29443.0
2008-08-12,450.666992,470.399994,448.320007,469.252991,370.9823,431280.0
2008-08-13,479.46701,487.707001,458.666992,461.572998,364.910706,60797.0
2008-08-14,458.666992,472.0,454.933014,467.786987,369.823364,13108.0
2008-08-18,453.333008,469.333008,451.092987,464.053009,366.871338,9660.0
2008-08-19,453.386993,466.666992,451.22699,463.893005,366.744904,313538.0
2008-08-20,453.46701,468.799988,453.46701,466.720001,368.979828,127723.0
2008-08-21,457.066986,468.372986,455.22699,466.506989,368.811401,22952.0
2008-08-22,457.893005,465.066986,456.320007,463.679993,366.576416,175684.0
2008-08-25,462.399994,471.46701,458.720001,466.132996,368.515778,9278.0
2008-08-26,457.600006,469.867004,457.600006,467.679993,369.73877,102720.0
2008-08-27,472.0,472.0,461.333008,468.106995,370.076355,74696.0
2008-08-28,466.640015,473.066986,461.867004,468.079987,370.055054,126135.0
2008-08-29,466.987,471.173004,465.600006,468.53299,370.413208,33861.0
2008-09-01,467.707001,477.22699,465.066986,465.307007,367.862701,113803.0
2008-09-02,467.252991,475.733002,467.200012,472.640015,373.660126,62102.0
2008-09-04,467.786987,484.799988,465.22699,482.880005,381.755585,325144.0
2008-09-05,478.933014,484.799988,473.600006,482.480011,381.439423,50141.0
2008-09-08,482.666992,482.666992,470.399994,472.77301,373.765228,19436.0
2008-09-09,469.867004,480.0,469.867004,479.920013,379.415527,25732.0
2008-09-10,472.320007,482.666992,472.320007,480.027008,379.500031,186701.0
2008-09-11,472.799988,479.839996,466.826996,470.77301,372.184052,343449.0
2008-09-12,479.46701,493.279999,467.76001,478.106995,377.982178,123126.0
2008-09-15,469.066986,479.440002,450.720001,461.333008,364.721008,12191.0
2008-09-16,448.0,472.0,443.092987,469.786987,371.404572,35143.0
2008-09-17,461.867004,471.839996,453.867004,456.160004,360.631317,7363.0
2008-09-18,445.333008,448.0,426.666992,440.453003,348.213684,18988.0
2008-09-19,442.666992,474.666992,442.666992,467.147003,369.317474,92158.0
2008-09-22,458.666992,474.132996,455.493011,467.972992,369.97049,8089.0
2008-09-23,458.666992,466.640015,458.666992,462.933014,365.985962,25418.0
2008-09-24,458.666992,466.666992,450.959991,454.987,359.703979,5704.0
2008-09-25,458.666992,465.600006,454.027008,464.292999,367.061066,5201.0
2008-09-26,458.666992,461.333008,446.399994,448.613007,354.664795,6561.0
2008-09-29,446.320007,452.587006,437.707001,448.053009,354.222076,14434.0
2008-09-30,440.0,450.613007,427.200012,441.679993,349.183655,17267.0
2008-10-01,447.893005,447.893005,425.600006,436.372986,344.988068,17136.0
2008-10-03,440.0,444.266998,422.933014,433.200012,342.479645,44138.0
2008-10-06,434.666992,456.0,421.333008,450.747009,356.351929,1087808.0
2008-10-07,441.707001,442.720001,428.213013,434.720001,343.681274,292806.0
2008-10-08,418.666992,428.799988,413.333008,421.412994,333.161011,159641.0
2008-10-10,397.333008,405.359985,374.559998,390.826996,308.980255,221934.0
2008-10-13,392.0,405.279999,362.666992,377.972992,298.818115,106363.0
2008-10-14,400.0,415.46701,379.200012,387.920013,306.682037,65091.0
2008-10-15,381.333008,386.132996,368.0,369.812988,292.367035,18634.0
2008-10-16,363.733002,389.333008,346.959991,380.587006,300.884796,9846.0
2008-10-17,379.200012,397.333008,378.666992,394.453003,311.846924,21388.0
2008-10-20,377.092987,394.132996,376.0,384.079987,303.646271,84079.0
2008-10-21,388.907013,394.132996,384.079987,387.600006,306.429077,46110.0
2008-10-22,389.333008,401.066986,378.666992,385.653015,304.889832,127682.0
2008-10-23,384.0,389.333008,368.0,382.907013,302.718872,16378.0
2008-10-24,370.666992,386.506989,370.666992,376.427002,297.595947,41936.0
2008-10-27,355.22699,402.666992,317.867004,320.53299,253.407227,81223.0
2008-10-29,341.359985,362.640015,328.0,347.279999,274.552856,165567.0
2008-10-31,331.733002,356.266998,314.692993,342.372986,270.673462,85982.0
2008-11-03,342.372986,346.0,325.333008,335.893005,265.550537,88099.0
2008-11-04,331.22699,350.933014,330.799988,345.173004,272.887146,12694.0
2008-11-05,346.666992,352.0,339.733002,346.666992,274.068207,38717.0
2008-11-06,339.76001,365.333008,337.066986,354.427002,280.203186,117328.0
2008-11-07,352.0,368.027008,352.0,366.613007,289.837189,304541.0
2008-11-10,362.933014,372.23999,355.200012,362.079987,286.253448,8953.0
2008-11-11,362.666992,371.893005,350.23999,357.812988,282.880035,304534.0
2008-11-12,354.666992,365.333008,342.160004,353.22699,279.254456,3726.0
2008-11-14,342.0,361.572998,329.600006,335.412994,265.171082,43500.0
2008-11-17,329.066986,332.77301,314.187012,324.480011,256.527679,47484.0
2008-11-18,315.46701,343.46701,312.027008,327.946991,259.268585,27701.0
2008-11-19,320.0,327.972992,317.386993,322.826996,255.220764,54161.0
2008-11-20,319.333008,319.972992,294.132996,298.666992,236.120377,74488.0
2008-11-21,297.333008,314.666992,297.092987,306.852997,242.592087,14951.0
2008-11-24,300.692993,310.399994,293.653015,303.920013,240.273331,60049.0
2008-11-25,305.066986,313.600006,297.22699,303.786987,240.168167,42349.0
2008-11-26,298.480011,303.173004,294.933014,300.613007,237.658859,7181.0
2008-11-28,299.412994,309.333008,288.747009,303.972992,240.315186,4575.0
2008-12-01,306.666992,307.733002,294.427002,305.600006,241.601456,39795.0
2008-12-02,294.559998,311.653015,294.0,305.066986,241.180084,266841.0
2008-12-03,301.066986,329.867004,300.266998,324.640015,256.654083,7342.0
2008-12-04,314.160004,325.333008,309.893005,324.320007,256.401154,4727.0
2008-12-05,320.747009,325.279999,316.826996,318.132996,251.509827,4736.0
2008-12-08,320.0,328.0,307.733002,319.972992,252.964462,4967.0
2008-12-10,321.066986,329.946991,312.0,323.707001,255.916473,39345.0
2008-12-11,320.0,330.666992,315.972992,327.386993,258.825806,23612.0
2008-12-12,320.559998,341.279999,320.0,332.079987,262.536041,31522.0
2008-12-15,325.359985,335.333008,323.733002,326.799988,258.361786,30531.0
2008-12-16,323.733002,338.613007,322.666992,326.23999,257.919006,45058.0
2008-12-17,325.867004,341.252991,324.826996,333.519989,263.6745,30797.0
2008-12-18,338.666992,338.666992,332.799988,336.613007,266.119751,34290.0
2008-12-19,336.0,346.613007,333.333008,336.933014,266.372742,44016.0
2008-12-22,333.546997,336.0,324.0,329.279999,260.322449,30932.0
2008-12-23,323.519989,329.066986,316.799988,321.519989,254.187531,49993.0
2008-12-24,317.333008,333.22699,317.333008,330.399994,261.207886,24232.0
2008-12-26,332.799988,332.799988,323.493011,325.333008,257.201996,33174.0
2008-12-29,325.333008,328.0,317.359985,322.160004,254.693497,46134.0
2008-12-30,322.132996,333.333008,322.132996,330.959991,261.650574,38042.0
2008-12-31,320.559998,335.307007,320.559998,329.040009,260.13269,27891.0
2009-01-02,330.587006,367.972992,330.587006,357.200012,282.395447,61656.0
2009-01-05,360.0,373.333008,359.46701,373.252991,295.086639,24276.0
2009-01-06,373.173004,383.307007,365.333008,374.160004,295.80365,28922.0
2009-01-07,371.733002,381.867004,347.252991,377.653015,298.565216,18120.0
2009-01-09,379.733002,402.132996,354.826996,395.173004,312.416229,109247.0
2009-01-12,404.77301,404.77301,390.399994,393.040009,310.729858,188642.0
2009-01-13,384.0,394.666992,382.933014,394.506989,311.889648,552666.0
2009-01-14,392.0,392.0,373.867004,377.22699,298.228394,30450.0
2009-01-15,365.333008,381.307007,360.53299,378.106995,298.924072,11918.0
2009-01-16,383.972992,383.972992,377.066986,381.279999,301.432617,52899.0
2009-01-19,377.600006,383.359985,370.666992,375.412994,296.79425,8072.0
2009-01-20,370.666992,373.252991,365.333008,369.519989,292.135345,123242.0
2009-01-21,368.0,373.279999,360.0,368.027008,290.955078,7059.0
2009-01-22,368.0,368.0,344.0,358.987,283.808258,64526.0
2009-01-23,347.493011,365.173004,341.972992,354.53299,280.286926,7650.0
2009-01-27,354.132996,361.600006,352.0,356.987,282.22702,2906.0
2009-01-28,352.0,365.333008,348.0,359.546997,284.250977,8336.0
2009-01-29,360.0,384.0,360.0,383.946991,303.541077,93133.0
2009-01-30,365.867004,383.147003,365.867004,379.627014,300.125793,5618.0
2009-02-02,366.399994,389.333008,366.399994,386.720001,305.733429,5631.0
2009-02-03,385.066986,385.066986,368.747009,371.333008,293.568726,7742.0
2009-02-04,373.920013,382.399994,363.733002,372.079987,294.159332,17921.0
2009-02-05,372.106995,372.106995,349.333008,350.372986,276.998108,18287.0
2009-02-06,349.893005,361.173004,349.893005,358.907013,283.744934,5108.0
2009-02-09,360.292999,373.333008,352.0,368.852997,296.565826,26642.0
2009-02-10,360.027008,372.187012,360.0,363.333008,292.127747,8936.0
2009-02-11,353.600006,367.893005,353.600006,365.307007,293.714844,2520.0
2009-02-12,363.786987,367.946991,357.627014,361.200012,290.41275,129268.0
2009-02-13,362.666992,375.46701,354.079987,358.292999,288.075439,168737.0
2009-02-16,355.867004,357.359985,350.453003,353.972992,284.602051,13326.0
2009-02-17,352.0,354.666992,348.852997,352.079987,283.080048,67635.0
2009-02-18,342.399994,361.600006,342.187012,347.546997,279.435364,20567.0
2009-02-19,345.600006,351.333008,345.600006,348.799988,280.442871,88822.0
2009-02-20,344.053009,349.333008,344.053009,348.372986,280.099548,191899.0
2009-02-24,348.372986,348.372986,334.320007,342.453003,275.339752,1001128.0
2009-02-25,344.0,348.799988,338.720001,343.946991,276.540894,166671.0
2009-02-26,340.933014,346.666992,339.200012,342.53299,275.404053,102564.0
2009-02-27,342.132996,343.972992,335.066986,338.747009,272.360077,37431.0
2009-03-02,341.307007,341.307007,334.399994,338.77301,272.381012,126493.0
2009-03-03,331.839996,338.666992,331.839996,336.0,270.151337,21339.0
2009-03-04,341.307007,341.333008,323.733002,331.013,266.141724,38998.0
2009-03-05,331.013,332.799988,323.519989,331.867004,266.828369,16539.0
2009-03-06,328.106995,337.173004,328.106995,336.799988,270.794556,1967.0
2009-03-09,338.640015,348.799988,330.053009,341.440002,274.525208,18073.0
2009-03-12,345.493011,356.799988,332.453003,353.627014,284.323914,44010.0
2009-03-13,367.972992,367.972992,349.893005,352.079987,283.080048,182078.0
2009-03-16,355.200012,358.399994,350.399994,355.679993,285.974487,354966.0
2009-03-17,358.933014,360.0,350.399994,352.132996,283.122681,30521.0
2009-03-18,355.46701,357.307007,347.839996,351.893005,282.929718,17599.0
2009-03-19,354.399994,354.559998,344.53299,352.480011,283.401611,15742.0
2009-03-20,353.946991,359.46701,349.359985,357.572998,287.496552,7252.0
2009-03-23,352.0,357.279999,351.092987,355.493011,285.824219,28716.0
2009-03-24,359.440002,368.266998,357.359985,365.279999,293.693085,45831.0
2009-03-25,363.707001,368.0,354.666992,366.933014,295.022125,14293.0
2009-03-26,369.546997,374.399994,365.867004,370.453003,297.852386,38940.0
2009-03-27,371.519989,376.0,368.666992,374.106995,300.790222,212702.0
2009-03-30,373.119995,375.972992,370.666992,373.359985,300.189575,677918.0
2009-03-31,376.0,389.173004,373.359985,383.412994,308.272461,7856.0
2009-04-01,376.692993,381.333008,374.399994,375.812988,302.161896,7118.0
2009-04-02,378.613007,382.933014,376.0,379.333008,304.992035,67440.0
2009-04-06,378.666992,382.933014,378.666992,381.22699,306.514862,158419.0
2009-04-08,381.333008,386.666992,373.867004,383.627014,308.44458,226125.0
2009-04-09,377.066986,397.333008,373.333008,394.320007,317.04184,68334.0
2009-04-13,389.333008,410.720001,389.333008,403.200012,324.181702,52438.0
2009-04-15,405.22699,426.666992,399.46701,405.493011,326.025299,132622.0
2009-04-16,413.307007,429.333008,404.346985,406.852997,327.118683,25792.0
2009-04-17,409.653015,420.372986,404.346985,413.786987,332.693817,21197.0
2009-04-20,405.493011,416.0,405.493011,414.213013,333.036346,9938.0
2009-04-21,416.0,416.0,405.333008,412.907013,331.986298,17121.0
2009-04-22,405.893005,417.066986,404.346985,405.040009,325.661072,331468.0
2009-04-23,404.799988,413.173004,404.346985,408.933014,328.791077,9289.0
2009-04-24,405.333008,424.0,404.933014,408.053009,328.083588,54654.0
2009-04-27,405.333008,412.427002,404.880005,407.119995,327.333374,9654.0
2009-04-28,376.23999,410.132996,376.23999,406.213013,326.604218,6728.0
2009-04-29,406.213013,408.0,405.333008,405.46701,326.004333,5803.0
2009-04-30,405.333008,405.333008,405.333008,405.333008,325.896545,0.0
2009-05-04,405.333008,420.23999,405.333008,413.040009,332.093231,720084.0
2009-05-05,408.0,426.559998,405.920013,410.132996,329.75589,42139.0
2009-05-06,417.493011,426.132996,411.493011,423.412994,340.433319,13905.0
2009-05-07,424.0,446.826996,422.399994,440.852997,354.455444,127868.0
2009-05-08,437.867004,440.933014,418.666992,429.546997,345.365234,7620.0
2009-05-11,408.0,439.972992,408.0,434.292999,349.181061,16091.0
2009-05-12,428.427002,434.132996,421.920013,432.187012,347.487854,1974.0
2009-05-13,428.799988,434.106995,426.187012,430.23999,345.922394,5589.0
2009-05-14,427.252991,465.600006,427.252991,458.160004,368.370667,48643.0
2009-05-15,459.733002,474.666992,457.600006,464.959991,373.838043,71672.0
2009-05-18,507.200012,507.200012,507.200012,507.200012,407.799927,47.0
2009-05-19,504.0,504.0,433.307007,485.46701,390.32608,35792.0
2009-05-20,485.46701,512.0,473.600006,494.346985,397.46579,251488.0
2009-05-21,499.040009,505.572998,482.692993,485.653015,390.475647,10093.0
2009-05-22,485.867004,498.666992,458.666992,471.600006,379.176727,39240.0
2009-05-25,472.53299,488.0,472.0,484.292999,389.382172,80949.0
2009-05-26,485.333008,496.0,485.333008,492.880005,396.286285,17012.0
2009-05-27,492.799988,517.333008,492.799988,496.506989,399.202484,220292.0
2009-05-28,511.972992,511.972992,485.333008,497.679993,400.14563,15834.0
2009-05-29,485.333008,512.0,485.333008,500.372986,402.310852,26040.0
2009-06-01,505.572998,522.132996,490.720001,492.587006,396.050812,122721.0
2009-06-02,501.279999,503.946991,493.333008,498.987,401.196442,10268.0
2009-06-03,501.279999,516.799988,494.053009,508.880005,409.150635,33422.0
2009-06-04,501.867004,551.46698,501.867004,522.799988,420.34259,275325.0
2009-06-05,530.666992,537.492981,514.666992,522.53302,420.12793,50858.0
2009-06-08,486.613007,540.267029,486.613007,521.146973,419.01358,25854.0
2009-06-09,520.0,533.333008,517.333008,529.732971,425.916901,43571.0
2009-06-10,529.732971,537.599976,513.200012,524.372986,421.607361,560655.0
2009-06-11,525.333008,532.159973,522.026978,530.187012,426.281982,47586.0
2009-06-12,530.640015,549.333008,527.46698,543.093018,436.658691,70264.0
2009-06-15,551.039978,586.559998,544.026978,546.427002,439.339294,77149.0
2009-06-16,528.0,542.880005,518.53302,524.932983,422.057587,30589.0
2009-06-17,528.0,557.013,501.867004,518.507019,416.891052,55547.0
2009-06-18,518.400024,526.53302,495.46701,498.666992,400.93927,29623.0
2009-06-19,502.427002,517.333008,498.132996,511.893005,411.573242,22485.0
2009-06-22,514.132996,581.333008,497.092987,505.707001,406.599518,109011.0
2009-06-23,496.0,504.0,488.0,497.200012,399.759674,83447.0
2009-06-24,506.613007,511.972992,490.666992,503.946991,405.184418,59481.0
2009-06-25,481.22699,522.612976,481.22699,506.987,407.628662,28682.0
2009-06-26,507.733002,513.039978,504.0,510.187012,410.201538,39249.0
2009-06-29,510.187012,520.0,506.666992,511.040009,410.88739,45045.0
2009-06-30,514.666992,528.0,508.0,520.53302,418.519897,34611.0
2009-07-01,528.0,549.280029,513.093018,517.840027,416.354645,104091.0
2009-07-02,528.0,533.333008,514.853027,518.666992,417.019623,46080.0
2009-07-03,529.947021,557.252991,520.0,547.013,439.810394,438891.0
2009-07-06,551.46698,551.46698,522.719971,531.039978,426.967712,130058.0
2009-07-07,531.013,533.307007,517.333008,522.586975,420.171356,27375.0
2009-07-08,520.0,522.666992,512.0,517.22699,415.861877,58594.0
2009-07-09,518.0,520.080017,504.0,509.679993,409.793915,57259.0
2009-07-10,519.973022,519.973022,497.119995,501.653015,403.340027,42562.0
2009-07-13,497.066986,497.066986,484.292999,493.173004,396.521881,67185.0
2009-07-14,503.972992,504.0,492.799988,494.346985,397.46579,10031.0
2009-07-15,494.453003,503.147003,494.453003,501.173004,402.954041,67601.0
2009-07-16,506.640015,506.640015,500.799988,504.0,405.227081,79513.0
2009-07-17,509.307007,520.0,506.666992,514.692993,413.824493,57808.0
2009-07-20,517.333008,533.867004,509.920013,532.080017,427.803955,15716.0
2009-07-21,528.0,541.333008,526.400024,535.546997,430.591553,140475.0
2009-07-22,538.666992,543.413025,535.46698,539.413025,433.699921,60255.0
2009-07-23,539.786987,554.612976,539.786987,551.46698,443.391571,34127.0
2009-07-24,544.0,573.333008,544.0,560.799988,450.895477,41991.0
2009-07-27,573.333008,602.640015,549.093018,598.987,481.598663,45268.0
2009-07-28,600.0,623.973022,587.46698,612.213013,492.232666,32214.0
2009-07-29,600.0,608.0,576.026978,599.546997,482.048889,16076.0
2009-07-30,587.200012,597.333008,577.067017,582.692993,468.497955,9283.0
2009-07-31,581.333008,592.0,568.0,586.799988,471.799988,85134.0
2009-08-03,565.387024,596.799988,558.23999,593.22699,476.967499,7393.0
2009-08-04,599.46698,608.53302,581.867004,602.692993,484.578461,98357.0
2009-08-05,567.307007,612.159973,567.307007,602.880005,484.728699,87848.0
2009-08-06,597.333008,605.307007,570.719971,595.786987,479.025818,95839.0
2009-08-07,597.893005,600.0,582.080017,591.22699,475.359558,87647.0
2009-08-10,590.932983,596.666992,586.666992,595.679993,478.939789,60131.0
2009-08-11,567.333008,600.0,567.333008,595.70697,478.961426,173228.0
2009-08-12,594.666992,606.400024,576.586975,600.559998,482.863464,102926.0
2009-08-13,602.692993,607.840027,601.653015,603.947021,485.586639,29936.0
2009-08-14,600.0,604.692993,582.932983,599.22699,481.791748,20284.0
2009-08-17,595.732971,608.0,589.893005,604.932983,486.379547,22269.0
2009-08-18,608.0,637.867004,605.333008,622.932983,500.851776,20381.0
2009-08-19,626.666992,631.893005,613.333008,618.747009,497.486176,17145.0
2009-08-20,618.666992,631.70697,618.666992,629.013,505.740295,28762.0
2009-08-21,618.960022,646.400024,618.960022,642.187012,516.33252,15062.0
2009-08-24,629.333008,673.013,624.559998,659.307007,530.097229,18407.0
2009-08-25,658.132996,671.46698,646.400024,660.453003,531.018738,46609.0
2009-08-26,672.0,674.132996,635.786987,641.280029,515.603088,15433.0
2009-08-27,644.0,649.599976,629.492981,639.46698,514.145386,448637.0
2009-08-28,640.0,645.333008,623.786987,625.840027,503.189087,196860.0
2009-08-31,644.640015,644.799988,626.747009,632.080017,508.206177,20196.0
2009-09-01,632.0,639.46698,613.333008,623.812988,501.559265,348518.0
2009-09-02,613.867004,631.867004,613.867004,615.893005,495.191315,3555.0
2009-09-03,622.372986,637.333008,611.947021,632.719971,508.720703,54216.0
2009-09-04,626.666992,634.132996,620.052979,628.23999,511.587097,5246.0
2009-09-07,624.0,638.932983,624.0,635.039978,517.124451,4988.0
2009-09-08,627.732971,633.572998,618.799988,627.732971,511.174194,16909.0
2009-09-09,626.666992,626.666992,605.867004,610.719971,497.320313,119468.0
2009-09-10,626.640015,626.640015,587.786987,612.827026,499.036011,819321.0
2009-09-11,613.867004,615.973022,592.026978,600.080017,488.655884,11886.0
2009-09-14,598.400024,605.333008,581.333008,593.387024,483.205719,475408.0
2009-09-15,593.387024,594.23999,582.400024,588.213013,478.992432,17762.0
2009-09-16,594.640015,606.932983,584.400024,590.77301,481.076965,82464.0
2009-09-17,590.77301,610.132996,576.0,584.372986,475.865356,1953615.0
2009-09-18,586.719971,626.132996,578.666992,620.932983,505.636993,157328.0
2009-09-22,616.132996,635.679993,605.333008,614.132996,500.099579,18816.0
2009-09-23,630.880005,631.252991,608.932983,618.640015,503.769867,34131.0
2009-09-24,618.666992,634.666992,608.026978,627.70697,511.153015,23064.0
2009-09-25,624.0,656.53302,624.0,636.400024,518.231934,46980.0
2009-09-29,632.53302,642.586975,632.0,638.747009,520.143188,8078.0
2009-09-30,640.0,645.867004,624.026978,638.23999,519.730286,41698.0
2009-10-01,616.666992,653.333008,616.666992,647.387024,527.178955,24981.0
2009-10-05,653.333008,657.067017,636.799988,647.359985,527.156921,13031.0
2009-10-06,647.973022,661.333008,624.0,653.013,531.760193,13894.0
2009-10-07,652.827026,677.252991,648.0,656.906982,534.931091,111679.0
2009-10-08,656.906982,665.52002,626.719971,631.70697,514.410461,45531.0
2009-10-09,678.932983,682.132996,618.960022,627.732971,511.174194,20469.0
2009-10-12,676.267029,676.267029,625.333008,630.827026,513.693848,21917.0
2009-10-13,627.200012,627.200012,627.200012,627.200012,510.740295,0.0
2009-10-14,647.947021,647.973022,608.0,618.799988,503.899902,524531.0
2009-10-15,612.267029,619.732971,600.267029,610.692993,497.298218,213638.0
2009-10-16,619.333008,626.559998,596.267029,600.960022,489.372589,25508.0
2009-10-20,600.267029,613.307007,592.612976,609.919983,496.668762,9077.0
2009-10-21,603.732971,617.653015,603.732971,613.786987,499.817719,44818.0
2009-10-22,616.0,620.53302,598.320007,602.612976,490.718597,207934.0
2009-10-23,603.252991,722.666992,593.146973,595.732971,485.115997,244757.0
2009-10-26,602.666992,605.172974,584.53302,593.492981,483.292053,242201.0
2009-10-27,580.799988,597.22699,576.0,588.932983,479.578735,76832.0
2009-10-28,581.333008,602.507019,578.666992,591.973022,482.054352,26578.0
2009-10-29,579.732971,607.840027,560.559998,578.0,470.675842,38946.0
2009-10-30,557.172974,596.799988,557.172974,586.906982,477.928955,43044.0
2009-11-03,586.692993,599.46698,577.333008,591.947021,482.033173,94558.0
2009-11-04,597.867004,639.46698,579.492981,601.172974,489.546021,44046.0
2009-11-05,602.666992,619.627014,587.572998,607.280029,494.519073,164280.0
2009-11-06,610.666992,622.666992,604.559998,610.719971,497.320313,822705.0
2009-11-09,611.732971,618.666992,605.359985,617.973022,503.226563,64519.0
2009-11-10,620.799988,621.333008,595.786987,609.653015,496.451508,143822.0
2009-11-11,611.22699,642.666992,611.22699,630.026978,513.042297,27885.0
2009-11-12,638.932983,645.333008,624.159973,627.119995,510.67514,133329.0
2009-11-13,622.427002,663.867004,622.427002,637.119995,518.818359,70800.0
2009-11-16,648.53302,650.666992,641.679993,645.627014,525.745728,23394.0
2009-11-17,641.732971,645.70697,626.987,637.067017,518.775146,12287.0
2009-11-18,639.973022,645.333008,619.840027,630.372986,513.324158,39872.0
2009-11-19,637.039978,637.280029,620.267029,624.827026,508.807983,281237.0
2009-11-20,620.799988,634.132996,620.53302,628.213013,511.565125,9698.0
2009-11-23,624.53302,632.0,621.333008,624.159973,508.264648,83392.0
2009-11-24,626.640015,626.666992,609.786987,623.172974,507.460968,252214.0
2009-11-25,619.200012,623.172974,603.119995,607.973022,495.083405,616448.0
2009-11-26,608.0,611.70697,594.666992,605.52002,493.085938,11852.0
2009-11-27,602.47998,628.799988,602.47998,610.320007,496.994568,33291.0
2009-11-30,613.867004,640.53302,613.867004,629.172974,512.346863,62616.0
2009-12-01,630.400024,647.46698,625.200012,639.76001,520.968079,90024.0
2009-12-02,652.799988,664.53302,648.0,657.732971,535.603943,151999.0
2009-12-03,656.0,669.280029,654.586975,658.267029,536.038696,35362.0
2009-12-04,654.47998,663.973022,654.47998,659.280029,536.863708,38629.0
2009-12-07,659.280029,669.333008,658.666992,663.280029,540.120972,29526.0
2009-12-08,661.333008,667.359985,650.666992,657.492981,535.408264,21754.0
2009-12-09,654.47998,666.132996,646.427002,654.453003,532.932739,59338.0
2009-12-10,656.0,661.333008,654.47998,656.400024,534.51825,6472.0
2009-12-11,658.666992,666.132996,654.47998,655.919983,534.127441,13866.0
2009-12-14,658.640015,661.333008,653.599976,656.346985,534.475281,25538.0
2009-12-15,654.53302,658.77301,654.400024,655.546997,533.823792,13813.0
2009-12-16,656.0,661.333008,651.76001,654.906982,533.302551,6801.0
2009-12-17,657.572998,661.76001,653.867004,657.52002,535.430298,16688.0
2009-12-18,657.067017,658.612976,654.400024,655.440002,533.736633,5678.0
2009-12-21,656.0,666.666992,654.427002,664.346985,540.989685,14106.0
2009-12-22,669.333008,677.307007,661.333008,664.052979,540.750305,22018.0
2009-12-23,666.400024,680.0,658.692993,670.507019,546.005981,38130.0
2009-12-24,672.0,682.666992,650.692993,671.679993,546.961182,41115.0
2009-12-29,677.333008,692.799988,677.333008,683.492981,556.580688,81257.0
2009-12-30,690.0,700.77301,684.0,688.612976,560.749817,54493.0
2009-12-31,689.067017,708.799988,678.692993,697.786987,568.220581,100656.0
2010-01-04,708.799988,714.132996,683.492981,684.932983,557.753235,50349.0
2010-01-05,693.333008,693.333008,673.599976,676.853027,551.173645,20246.0
2010-01-06,677.867004,703.46698,673.599976,700.372986,570.326233,43860.0
2010-01-07,701.919983,706.666992,678.052979,680.47998,554.127136,57441.0
2010-01-08,682.932983,693.333008,682.666992,690.187012,562.031555,646506.0
2010-01-11,693.333008,698.666992,684.799988,690.960022,562.661194,23629.0
2010-01-12,690.666992,695.440002,680.0,687.52002,559.859863,18236.0
2010-01-13,686.932983,698.640015,682.666992,692.987,564.311829,13298.0
2010-01-14,696.0,700.799988,685.46698,692.666992,564.051208,62514.0
2010-01-15,693.333008,793.492981,688.53302,705.413025,574.430664,994879.0
2010-01-18,704.53302,717.333008,693.919983,699.893005,569.935547,352706.0
2010-01-19,699.840027,735.46698,693.440002,696.159973,566.89563,251912.0
2010-01-20,708.799988,709.333008,685.333008,689.013,561.075562,62196.0
2010-01-21,688.666992,710.880005,674.666992,684.987,557.797302,125113.0
2010-01-22,672.53302,681.067017,664.0,672.052979,547.264893,54559.0
2010-01-25,669.333008,673.599976,654.400024,657.280029,535.234985,247564.0
2010-01-27,695.732971,695.732971,626.666992,649.46698,528.872742,189705.0
2010-01-28,645.146973,653.440002,635.307007,645.146973,525.354858,88682.0
2010-01-29,642.666992,663.46698,624.53302,651.599976,530.609558,82963.0
2010-02-01,648.0,663.947021,641.627014,655.840027,539.025879,17721.0
2010-02-02,658.666992,664.987,630.453003,633.867004,520.966248,28492.0
2010-02-03,644.267029,651.200012,639.46698,646.932983,531.705017,20027.0
2010-02-04,646.906982,651.653015,643.252991,645.786987,530.763367,26094.0
2010-02-05,634.666992,658.612976,629.333008,650.559998,534.686035,160828.0
2010-02-08,656.0,673.599976,650.666992,664.77301,546.367737,168579.0
2010-02-09,671.46698,671.46698,656.612976,662.106995,544.176575,22530.0
2010-02-10,666.666992,671.947021,656.267029,663.252991,545.118286,32460.0
2010-02-11,665.599976,691.146973,658.906982,672.53302,552.745483,158128.0
2010-02-15,678.932983,684.799988,658.666992,666.453003,547.748352,504604.0
2010-02-16,672.0,677.599976,658.666992,661.119995,543.365356,67369.0
2010-02-17,670.23999,671.46698,657.119995,659.973022,542.422546,41664.0
2010-02-18,663.252991,665.867004,646.53302,649.22699,533.590515,94937.0
2010-02-19,646.507019,658.612976,644.267029,649.119995,533.502625,31174.0
2010-02-22,655.947021,664.0,635.252991,645.76001,530.741089,66366.0
2010-02-23,638.932983,653.333008,627.732971,631.359985,518.906006,281312.0
2010-02-24,640.0,650.213013,629.70697,639.627014,525.7005,161027.0
2010-02-25,632.559998,642.132996,620.799988,628.080017,516.210083,126375.0
2010-02-26,624.0,648.0,624.0,643.146973,528.593506,46146.0
2010-03-02,634.666992,650.29303,632.0,634.507019,521.492432,21527.0
2010-03-03,637.333008,655.52002,635.200012,639.653015,525.721863,96433.0
2010-03-04,637.333008,648.0,635.200012,637.840027,524.231873,20164.0
2010-03-05,640.0,659.973022,638.400024,641.387024,527.146912,262404.0
2010-03-08,649.599976,653.732971,642.666992,648.799988,533.239685,187388.0
2010-03-09,650.666992,655.307007,645.333008,647.76001,532.384888,97802.0
2010-03-10,648.320007,658.612976,645.973022,656.187012,539.310791,43386.0
2010-03-11,658.666992,665.599976,645.333008,653.119995,536.7901,128394.0
2010-03-12,649.067017,658.346985,649.067017,654.960022,538.30249,262502.0
2010-03-15,654.400024,660.747009,647.492981,656.612976,539.661133,174038.0
2010-03-16,656.0,661.252991,648.23999,656.132996,539.266479,35381.0
2010-03-17,656.0,687.732971,656.0,675.252991,554.980896,202378.0
2010-03-18,677.333008,687.919983,670.719971,676.932983,556.361755,39390.0
2010-03-19,674.666992,701.333008,674.666992,680.320007,559.145508,58832.0
2010-03-22,683.732971,703.413025,674.666992,675.307007,555.025391,82478.0
2010-03-23,680.0,685.333008,674.666992,679.413025,558.400085,72548.0
2010-03-25,682.507019,682.666992,669.440002,675.413025,555.112488,101818.0
2010-03-26,674.719971,692.666992,674.666992,683.786987,561.995178,86452.0
2010-03-29,677.387024,711.413025,677.387024,705.359985,579.725525,67950.0
2010-03-30,705.599976,717.333008,698.666992,703.359985,578.081726,42137.0
2010-03-31,706.666992,717.307007,685.333008,702.960022,577.753113,162034.0
2010-04-01,707.627014,720.0,697.093018,718.799988,590.771606,36531.0
2010-04-05,720.0,742.906982,710.987,739.76001,607.998413,42930.0
2010-04-06,722.77301,752.0,721.52002,743.280029,610.891602,37492.0
2010-04-07,745.119995,762.132996,737.599976,754.026978,619.724243,43221.0
2010-04-08,742.400024,759.440002,729.172974,749.627014,616.108032,75186.0
2010-04-09,755.599976,761.546997,746.666992,751.546997,617.685913,21576.0
2010-04-12,741.333008,746.666992,736.0,737.867004,606.442627,14595.0
2010-04-13,742.880005,757.333008,739.627014,746.77301,613.762329,78043.0
2010-04-15,755.413025,760.0,736.320007,744.586975,611.965637,23891.0
2010-04-16,751.46698,751.46698,733.812988,740.23999,608.393005,7301.0
2010-04-19,734.932983,745.973022,710.960022,718.372986,590.420776,21000.0
2010-04-20,717.867004,754.612976,709.333008,747.70697,614.529968,46416.0
2010-04-21,746.640015,784.0,746.640015,774.906982,636.885193,101173.0
2010-04-22,778.666992,800.0,759.492981,766.692993,630.134216,99186.0
2010-04-23,770.666992,781.867004,766.960022,770.53302,633.290283,45632.0
2010-04-26,773.333008,778.507019,766.747009,767.172974,630.528687,10963.0
2010-04-27,765.947021,778.132996,731.359985,743.627014,611.176636,501928.0
2010-04-28,707.52002,725.333008,658.853027,698.453003,574.048828,335996.0
2010-04-29,698.666992,709.067017,688.0,693.280029,569.797058,302927.0
2010-04-30,703.46698,703.46698,682.77301,691.359985,568.219116,38376.0
2010-05-03,687.46698,713.599976,680.586975,705.46698,579.813416,32542.0
2010-05-04,701.52002,722.612976,688.853027,701.039978,576.174927,231084.0
2010-05-05,688.0,706.666992,688.0,705.492981,579.834778,668567.0
2010-05-06,704.0,705.067017,691.893005,693.919983,570.32312,10181.0
2010-05-07,704.0,704.0,684.29303,691.200012,568.087646,59741.0
2010-05-10,691.732971,718.827026,690.666992,698.960022,574.465515,55881.0
2010-05-11,693.333008,701.333008,692.53302,693.572998,570.038025,95724.0
2010-05-12,708.799988,719.46698,691.252991,694.29303,570.6297,15474.0
2010-05-13,709.333008,725.119995,696.0,714.612976,587.330322,30666.0
2010-05-14,718.77301,718.77301,693.333008,693.812988,570.235107,57084.0
2010-05-17,706.666992,706.666992,685.333008,695.440002,571.572449,11612.0
2010-05-18,695.440002,709.280029,688.0,705.867004,580.142212,9677.0
2010-05-19,684.0,709.172974,684.0,705.387024,579.747803,112050.0
2010-05-20,705.599976,717.307007,688.106995,698.427002,574.027405,23196.0
2010-05-21,696.0,696.0,683.46698,689.119995,566.378113,16384.0
2010-05-24,689.119995,701.333008,677.46698,682.159973,560.657898,27308.0
2010-05-25,687.46698,687.973022,666.666992,673.867004,553.841797,48622.0
2010-05-26,656.320007,662.400024,641.067017,648.106995,532.669983,59736.0
2010-05-27,648.77301,655.732971,641.46698,645.146973,530.237366,33949.0
2010-05-28,658.612976,658.666992,645.867004,654.827026,538.193176,3853.0
2010-05-31,641.387024,693.333008,641.387024,686.640015,564.339783,37978.0
2010-06-01,682.666992,714.612976,682.666992,706.612976,580.75531,38756.0
2010-06-02,709.333008,722.507019,698.666992,707.786987,581.720337,50036.0
2010-06-03,709.333008,718.719971,694.932983,703.76001,578.410645,68053.0
2010-06-04,706.559998,706.559998,688.559998,693.093018,569.643433,15319.0
2010-06-07,692.23999,692.23999,641.947021,654.827026,538.193176,132885.0
2010-06-08,658.666992,664.0,642.747009,650.132996,534.335205,95929.0
2010-06-09,661.22699,663.46698,648.0,655.119995,538.433899,49380.0
2010-06-10,654.400024,659.70697,645.359985,653.70697,537.272522,476618.0
2010-06-11,664.507019,665.70697,653.333008,661.252991,543.47467,11511.0
2010-06-14,662.932983,666.507019,648.320007,654.853027,538.2146,12682.0
2010-06-15,644.267029,681.599976,644.267029,668.320007,549.282837,44959.0
2010-06-16,680.0,703.46698,661.893005,695.599976,571.703979,26567.0
2010-06-17,701.280029,702.400024,675.200012,676.47998,555.989502,21009.0
2010-06-18,684.559998,687.947021,666.666992,680.453003,559.254822,13811.0
2010-06-21,682.640015,698.612976,682.640015,691.52002,568.350647,24958.0
2010-06-22,691.52002,724.799988,684.267029,704.080017,578.673523,139813.0
2010-06-23,696.080017,719.46698,693.46698,700.080017,575.385925,44456.0
2010-06-24,719.307007,719.307007,688.799988,695.893005,571.944702,104250.0
2010-06-25,703.947021,703.947021,683.867004,692.427002,569.096069,15152.0
2010-06-28,706.507019,708.159973,690.666992,704.507019,579.024475,69531.0
2010-06-29,713.599976,716.77301,693.359985,709.867004,583.429688,184262.0
2010-06-30,709.973022,722.666992,708.267029,720.0,591.757874,79324.0
2010-07-01,717.067017,720.0,705.067017,711.786987,585.007751,8629.0
2010-07-02,716.799988,761.440002,710.47998,737.333008,606.003784,88238.0
2010-07-05,759.840027,770.666992,749.387024,756.507019,621.762573,466342.0
2010-07-06,747.492981,760.0,736.612976,754.267029,619.92157,110572.0
2010-07-07,762.666992,765.22699,739.333008,755.840027,621.214417,33600.0
2010-07-08,764.586975,765.333008,756.827026,762.666992,626.825256,185336.0
2010-07-09,766.77301,766.880005,736.159973,738.453003,606.924255,25706.0
2010-07-12,746.666992,755.200012,745.067017,752.23999,618.255554,60488.0
2010-07-13,752.0,762.612976,746.853027,758.320007,623.252625,9924.0
2010-07-14,757.333008,767.973022,752.0,763.200012,627.263367,34459.0
2010-07-15,760.0,767.947021,747.200012,765.172974,628.88501,15879.0
2010-07-16,762.666992,762.666992,748.799988,756.906982,622.091309,18082.0
2010-07-19,757.333008,757.333008,738.692993,754.400024,620.030762,83931.0
2010-07-20,754.400024,758.932983,742.400024,749.387024,615.910828,189624.0
2010-07-21,764.267029,764.77301,741.333008,747.119995,614.047485,658339.0
2010-07-22,746.666992,750.453003,736.0,741.46698,609.401367,46074.0
2010-07-23,746.666992,750.453003,729.119995,735.013,604.097107,87848.0
2010-07-26,742.346985,752.0,733.387024,743.200012,610.825562,303111.0
2010-07-27,736.0,746.666992,734.400024,737.307007,605.9823,13579.0
2010-07-28,744.853027,744.853027,731.919983,735.919983,604.842346,169191.0
2010-07-29,751.440002,751.440002,733.333008,734.47998,603.658875,450870.0
2010-07-30,741.333008,741.333008,727.333008,732.960022,602.409668,155996.0
2010-08-02,743.679993,750.827026,731.200012,745.867004,613.017761,57677.0
2010-08-03,746.666992,750.346985,723.867004,735.172974,604.228394,36161.0
2010-08-04,727.46698,763.200012,726.987,755.413025,620.863403,105862.0
2010-08-05,760.0,774.932983,752.0,757.732971,622.770081,65152.0
2010-08-06,728.666992,766.932983,728.666992,754.719971,620.293762,20811.0
2010-08-09,757.333008,762.666992,736.640015,758.880005,623.712952,24193.0
2010-08-10,759.732971,766.372986,747.653015,751.067017,617.291382,163322.0
2010-08-11,763.732971,763.732971,734.453003,736.612976,605.411926,19723.0
2010-08-12,736.0,755.200012,728.53302,730.507019,600.393555,8921.0
2010-08-13,768.0,768.0,728.0,728.77301,598.968384,8668.0
2010-08-16,721.599976,741.333008,721.067017,723.252991,594.431458,10522.0
2010-08-17,728.0,728.052979,714.692993,716.932983,589.237366,138906.0
2010-08-18,712.906982,735.973022,710.586975,716.507019,588.886963,15084.0
2010-08-19,736.0,736.0,713.067017,724.052979,595.08905,21765.0
2010-08-20,718.453003,730.612976,705.599976,708.77301,582.530579,43929.0
2010-08-23,729.812988,733.280029,702.400024,708.29303,582.136047,51694.0
2010-08-24,708.799988,715.146973,688.747009,701.919983,576.898315,50854.0
2010-08-25,701.333008,715.200012,699.200012,701.70697,576.723145,109530.0
2010-08-26,702.932983,708.346985,696.0,700.0,575.320251,145738.0
2010-08-27,698.666992,702.267029,685.333008,689.067017,566.334534,49866.0
2010-08-30,691.919983,728.0,682.666992,690.47998,567.495789,267804.0
2010-08-31,680.0,697.599976,664.853027,695.679993,571.769653,22611.0
2010-09-01,697.599976,707.627014,697.599976,704.666992,579.155945,32916.0
2010-09-02,720.0,720.0,690.692993,693.947021,570.345398,156276.0
2010-09-03,696.53302,696.53302,686.400024,692.747009,575.999329,48763.0
2010-09-06,702.827026,706.666992,694.159973,701.786987,583.515747,23400.0
2010-09-07,698.666992,724.267029,698.666992,705.812988,586.86322,92964.0
2010-09-08,705.812988,720.0,683.413025,695.840027,578.571106,558900.0
2010-09-09,698.666992,699.200012,688.0,691.013,574.557556,214736.0
2010-09-13,691.732971,699.732971,685.867004,693.307007,576.465088,176261.0
2010-09-14,698.346985,699.200012,690.719971,694.612976,577.550842,130596.0
2010-09-15,695.973022,717.599976,692.559998,698.960022,581.165344,374674.0
2010-09-16,701.22699,744.0,696.026978,699.013,581.209351,539282.0
2010-09-17,703.732971,705.067017,694.880005,701.70697,583.44928,101872.0
2010-09-20,702.372986,735.947021,700.799988,706.880005,587.75061,282426.0
2010-09-21,696.0,712.0,696.0,706.372986,587.328979,117739.0
2010-09-22,706.666992,709.200012,698.799988,701.252991,583.071777,46380.0
2010-09-23,701.333008,704.0,701.333008,702.666992,584.247498,126652.0
2010-09-24,698.666992,703.947021,693.919983,698.106995,580.455994,116646.0
2010-09-27,694.400024,708.29303,689.599976,698.799988,581.032349,194861.0
2010-09-28,704.0,704.0,693.387024,700.106995,582.118958,467138.0
2010-09-29,693.867004,706.77301,693.867004,701.359985,583.160706,803452.0
2010-09-30,701.359985,704.0,688.0,693.280029,576.442444,297759.0
2010-10-01,693.333008,700.77301,690.666992,698.026978,580.389587,54878.0
2010-10-04,703.413025,715.732971,696.0,701.440002,583.227356,285362.0
2010-10-05,693.627014,708.799988,693.627014,698.29303,580.610596,46914.0
2010-10-06,694.0,714.666992,694.0,707.333008,588.127258,78692.0
2010-10-07,707.333008,726.400024,701.280029,705.947021,586.974792,195476.0
2010-10-08,711.440002,712.53302,696.0,700.692993,582.606201,60941.0
2010-10-11,704.106995,718.853027,701.387024,711.333008,591.453125,121809.0
2010-10-12,714.666992,732.747009,706.267029,716.267029,595.555725,113402.0
2010-10-13,724.53302,730.586975,715.572998,718.880005,597.72821,106174.0
2010-10-14,728.0,730.106995,698.932983,701.22699,583.05011,36278.0
2010-10-15,717.333008,717.333008,699.200012,701.359985,583.160706,49916.0
2010-10-18,696.0,700.23999,683.732971,690.23999,573.914734,27531.0
2010-10-19,698.559998,699.732971,678.400024,686.453003,570.766052,46046.0
2010-10-20,682.827026,693.280029,675.307007,679.76001,565.200928,532380.0
2010-10-21,686.559998,695.947021,677.492981,692.052979,575.422302,92790.0
2010-10-22,696.0,701.333008,688.106995,693.679993,576.775024,113580.0
2010-10-25,702.346985,702.400024,688.586975,693.200012,576.375916,36289.0
2010-10-26,693.333008,695.973022,683.413025,692.132996,575.488892,168351.0
2010-10-27,700.799988,700.799988,680.187012,682.640015,567.59552,8214.0
2010-10-28,687.440002,696.507019,678.026978,691.572998,575.023071,158484.0
2010-10-29,688.0,709.333008,688.0,701.867004,583.582336,50934.0
2010-11-01,709.333008,711.307007,696.0,703.119995,584.624329,18218.0
2010-11-02,704.0,706.640015,696.132996,700.372986,582.340027,21454.0
2010-11-03,705.599976,709.22699,696.080017,707.039978,587.883484,127320.0
2010-11-04,708.799988,710.853027,705.679993,708.987,589.502441,24431.0
2010-11-08,714.640015,715.70697,698.666992,703.22699,584.713196,44274.0
2010-11-09,693.919983,708.799988,693.893005,706.692993,587.595032,37448.0
2010-11-10,710.932983,715.200012,701.627014,705.252991,586.397583,17004.0
2010-11-11,711.46698,711.46698,700.267029,703.46698,584.912659,40429.0
2010-11-12,708.267029,709.333008,699.919983,704.267029,585.577942,424174.0
2010-11-15,707.732971,710.080017,704.267029,706.640015,587.550964,78804.0
2010-11-16,706.640015,721.067017,699.76001,708.586975,589.169983,48394.0
2010-11-18,713.599976,713.599976,699.893005,701.52002,583.294067,39103.0
2010-11-19,708.267029,708.267029,688.0,692.692993,575.954407,9636.0
2010-11-22,693.867004,699.307007,693.867004,697.492981,579.945496,98781.0
2010-11-23,693.492981,697.599976,690.666992,694.559998,577.506836,17169.0
2010-11-24,669.627014,696.0,642.427002,680.880005,566.132141,9606.0
2010-11-25,680.53302,686.932983,647.973022,655.919983,545.378662,43217.0
2010-11-26,676.213013,676.213013,573.867004,628.799988,522.829102,88224.0
2010-11-29,622.400024,675.732971,622.400024,660.960022,549.569336,17946.0
2010-11-30,661.333008,683.200012,646.507019,679.732971,565.178528,23096.0
2010-12-01,667.252991,693.039978,667.252991,684.559998,569.192017,90103.0
2010-12-02,693.280029,706.666992,686.932983,692.853027,576.087524,495711.0
2010-12-03,682.132996,693.333008,682.132996,683.119995,567.994751,5392.0
2010-12-06,689.039978,689.067017,676.267029,682.666992,567.618103,233209.0
2010-12-07,697.013,697.013,669.359985,677.679993,563.471436,17604.0
2010-12-08,672.586975,691.22699,672.586975,685.333008,569.8349,135150.0
2010-12-09,665.919983,698.106995,656.0,685.333008,569.8349,127281.0
2010-12-10,669.653015,685.307007,648.106995,671.52002,558.349731,15531.0
2010-12-13,666.692993,677.333008,666.692993,671.653015,558.460327,2678.0
2010-12-14,688.0,688.0,667.867004,682.132996,567.174133,61768.0
2010-12-15,672.0,687.46698,672.0,682.666992,567.618103,100369.0
2010-12-16,682.132996,682.666992,664.586975,667.307007,554.846619,184042.0
2010-12-20,669.333008,680.0,665.627014,669.387024,556.57605,44526.0
2010-12-21,666.666992,683.732971,661.333008,674.187012,560.5672,42741.0
2010-12-22,673.599976,682.666992,664.052979,681.732971,566.841553,19012.0
2010-12-23,680.026978,687.973022,672.0,675.359985,561.542419,4464.0
2010-12-24,683.653015,683.653015,651.307007,656.53302,545.888428,12821.0
2010-12-27,676.23999,676.23999,652.267029,662.132996,550.544678,141291.0
2010-12-28,656.666992,666.666992,651.307007,658.159973,547.241211,18506.0
2010-12-29,659.46698,672.0,657.919983,659.812988,548.615723,7508.0
2010-12-30,661.119995,682.132996,651.333008,674.29303,560.655334,9255.0
2010-12-31,677.333008,685.333008,669.627014,675.786987,561.897522,41147.0
2011-01-03,677.359985,684.77301,669.867004,673.653015,560.123291,11747.0
2011-01-04,669.440002,681.919983,669.440002,673.013,559.591248,12268.0
2011-01-05,669.413025,678.827026,643.200012,668.23999,555.622498,8541.0
2011-01-06,670.427002,674.666992,665.093018,672.612976,559.258423,10956.0
2011-01-07,671.732971,675.200012,664.026978,668.080017,555.48938,26004.0
2011-01-10,665.599976,672.0,634.666992,648.106995,538.882385,288832.0
2011-01-11,650.132996,672.0,636.0,648.106995,538.882385,34395.0
2011-01-12,648.0,666.559998,648.0,653.280029,543.183777,151656.0
2011-01-13,660.507019,671.947021,651.76001,662.799988,551.099182,11711.0
2011-01-14,664.052979,670.932983,643.333008,645.413025,536.642517,55299.0
2011-01-17,648.320007,654.932983,645.333008,654.507019,544.203857,297360.0
2011-01-18,665.067017,670.932983,649.599976,663.919983,552.030457,160316.0
2011-01-19,664.53302,667.22699,652.853027,656.29303,545.688965,2854.0
2011-01-20,663.973022,663.973022,651.46698,655.919983,545.378662,39844.0
2011-01-21,646.0,660.799988,643.146973,648.427002,539.148438,4039.0
2011-01-24,650.132996,653.333008,645.413025,650.346985,540.744995,8471.0
2011-01-25,648.53302,663.732971,648.0,653.22699,543.139526,139144.0
2011-01-27,654.132996,661.333008,650.799988,652.53302,542.562561,111321.0
2011-01-28,658.612976,658.612976,637.359985,646.159973,543.510376,102038.0
2011-01-31,650.666992,661.280029,634.692993,642.932983,540.796082,71728.0
2011-02-01,654.400024,654.400024,621.867004,628.77301,528.885681,28770.0
2011-02-02,626.666992,647.653015,626.666992,638.640015,537.185242,116869.0
2011-02-03,637.387024,652.747009,618.987,624.400024,525.207397,35627.0
2011-02-04,634.666992,634.666992,619.732971,622.47998,523.592224,47061.0
2011-02-07,639.973022,639.973022,613.333008,619.093018,520.743408,13654.0
2011-02-08,642.666992,642.666992,595.200012,602.53302,506.814056,36009.0
2011-02-09,603.200012,607.947021,576.026978,588.559998,495.06076,23370.0
2011-02-10,576.799988,591.947021,573.867004,576.799988,485.169067,141810.0
2011-02-11,586.640015,586.640015,564.320007,570.612976,479.964966,39651.0
2011-02-14,586.132996,586.132996,576.0,581.413025,489.049316,1333626.0
2011-02-15,585.333008,591.307007,584.0,587.146973,493.872284,41387.0
2011-02-16,588.799988,589.333008,568.559998,572.586975,481.625275,20563.0
2011-02-17,584.799988,590.880005,568.53302,587.093018,493.826965,34401.0
2011-02-18,597.867004,597.867004,585.679993,587.679993,494.320648,37358.0
2011-02-21,589.333008,592.0,579.359985,586.559998,493.378784,93954.0
2011-02-22,586.666992,597.307007,583.76001,588.23999,494.791656,51008.0
2011-02-23,571.492981,597.333008,571.492981,587.947021,494.545288,14507.0
2011-02-24,572.267029,592.507019,572.267029,582.827026,490.238586,41411.0
2011-02-25,586.666992,606.132996,584.106995,597.413025,502.507507,325753.0
2011-02-28,600.53302,613.22699,583.46698,592.932983,498.739258,138682.0
2011-03-01,604.187012,616.640015,591.146973,611.76001,514.575317,54409.0
2011-03-03,612.799988,649.599976,611.200012,645.067017,542.591125,64183.0
2011-03-04,643.252991,647.973022,632.346985,637.172974,535.951233,22948.0
2011-03-07,624.719971,645.307007,599.387024,630.29303,530.164185,12638.0
2011-03-08,636.159973,636.159973,622.960022,628.052979,528.279968,4121.0
2011-03-09,629.893005,637.307007,628.267029,632.400024,531.936462,9392.0
2011-03-10,633.440002,656.052979,629.333008,643.359985,541.155273,29430.0
2011-03-11,646.400024,646.400024,620.346985,625.146973,525.83551,13421.0
2011-03-14,602.987,633.572998,592.53302,627.840027,528.10083,87206.0
2011-03-15,611.840027,650.106995,611.840027,639.786987,538.149841,38004.0
2011-03-16,644.23999,652.799988,640.0,649.919983,546.673157,27212.0
2011-03-17,625.599976,665.599976,625.599976,655.812988,551.630066,84341.0
2011-03-18,648.53302,668.719971,614.53302,633.252991,532.654053,194934.0
2011-03-21,628.23999,628.267029,613.359985,617.70697,519.577454,16307.0
2011-03-22,617.359985,624.77301,617.119995,619.653015,521.214294,1988.0
2011-03-23,618.666992,626.640015,612.267029,616.53302,518.590149,110329.0
2011-03-24,623.200012,648.507019,616.53302,641.252991,539.383057,73146.0
2011-03-25,637.359985,645.333008,627.200012,641.387024,539.495667,27624.0
2011-03-28,658.23999,658.23999,634.666992,644.052979,541.73822,37877.0
2011-03-29,656.932983,682.719971,635.22699,656.987,552.617493,66630.0
2011-03-30,657.172974,658.666992,640.0,643.067017,540.908936,22084.0
2011-03-31,643.093018,646.400024,635.22699,640.026978,538.351868,35220.0
2011-04-01,638.932983,654.346985,636.267029,651.546997,548.041809,13478.0
2011-04-04,642.666992,666.106995,642.666992,656.666992,552.348328,18928.0
2011-04-05,659.812988,669.867004,645.599976,651.653015,548.130859,26700.0
2011-04-06,651.146973,657.252991,645.947021,651.867004,548.310974,7594.0
2011-04-07,660.267029,660.267029,639.172974,654.853027,550.822632,21015.0
2011-04-08,648.53302,660.159973,634.719971,652.080017,548.490051,51199.0
2011-04-11,650.666992,655.359985,643.732971,648.692993,545.641235,249930.0
2011-04-13,643.200012,698.666992,636.372986,691.52002,581.664612,63255.0
2011-04-15,680.747009,696.0,669.413025,684.47998,575.742981,16221.0
2011-04-18,678.187012,698.132996,668.320007,674.666992,567.489014,22335.0
2011-04-19,675.732971,684.747009,664.0,670.026978,563.585938,19839.0
2011-04-20,688.0,688.0,636.052979,639.973022,538.306396,1053129.0
2011-04-21,653.252991,654.932983,635.22699,637.812988,536.489563,14931.0
2011-04-25,647.46698,647.46698,629.333008,635.280029,534.358887,952264.0
2011-04-26,639.973022,645.333008,631.46698,641.119995,539.271301,41184.0
2011-04-27,636.559998,646.400024,635.599976,639.46698,537.880615,59884.0
2011-04-28,637.333008,640.0,613.893005,622.612976,523.704102,15660.0
2011-04-29,624.026978,627.093018,602.666992,610.747009,513.723267,31312.0
2011-05-02,609.067017,621.280029,606.932983,616.932983,518.926575,17141.0
2011-05-03,605.867004,623.200012,605.867004,619.840027,521.371826,24532.0
2011-05-04,631.440002,631.440002,616.0,626.052979,526.597656,15613.0
2011-05-05,622.666992,626.559998,610.799988,614.159973,516.593994,13277.0
2011-05-06,597.333008,620.799988,597.333008,602.692993,506.94873,51253.0
2011-05-09,629.307007,629.307007,601.067017,604.507019,508.474518,28611.0
2011-05-10,604.29303,604.77301,592.612976,598.853027,503.718781,19358.0
2011-05-11,598.932983,610.507019,593.119995,601.627014,506.052032,20741.0
2011-05-12,584.640015,610.666992,584.640015,595.52002,500.915314,24141.0
2011-05-13,595.76001,604.132996,595.732971,600.880005,505.423615,18688.0
2011-05-16,599.786987,599.947021,587.200012,589.572998,495.912933,9881.0
2011-05-17,586.612976,592.372986,578.827026,583.840027,491.090729,30377.0
2011-05-18,579.200012,610.159973,570.719971,589.732971,496.047485,95653.0
2011-05-19,578.666992,589.307007,573.333008,575.333008,483.935059,30516.0
2011-05-20,576.23999,584.346985,573.067017,573.546997,482.432831,37701.0
2011-05-23,613.333008,613.333008,565.492981,568.267029,477.991577,28732.0
2011-05-24,565.333008,569.973022,552.0,553.252991,465.362793,73984.0
2011-05-25,553.119995,561.067017,544.026978,556.213013,467.8526,48758.0
2011-05-26,562.853027,567.46698,552.0,562.026978,472.74292,293258.0
2011-05-27,565.867004,576.052979,558.080017,567.76001,477.565216,32664.0
2011-05-30,560.267029,575.947021,560.267029,570.400024,479.785828,55185.0
2011-05-31,568.53302,593.22699,568.53302,584.77301,491.875458,18084.0
2011-06-01,586.586975,612.799988,581.333008,605.867004,509.618408,17323.0
2011-06-02,594.719971,607.70697,594.719971,599.22699,504.033478,13794.0
2011-06-03,606.932983,606.932983,576.132996,587.893005,494.499786,24142.0
2011-06-06,583.572998,612.53302,582.586975,606.080017,509.797729,23704.0
2011-06-07,605.867004,613.22699,596.267029,611.840027,514.6427,19178.0
2011-06-08,613.333008,624.53302,600.559998,613.093018,515.696655,37453.0
2011-06-09,606.53302,615.46698,604.799988,607.627014,511.098999,5267.0
2011-06-10,600.640015,605.679993,593.119995,595.119995,500.578766,14445.0
2011-06-13,631.732971,631.732971,581.70697,595.492981,500.892395,15771.0
2011-06-14,592.719971,612.23999,584.0,587.840027,494.455353,212449.0
2011-06-15,592.026978,597.333008,587.70697,592.906982,498.717316,194010.0
2011-06-16,576.052979,599.52002,576.052979,595.46698,500.870575,20781.0
2011-06-17,589.307007,597.172974,579.200012,585.333008,492.346466,28164.0
2011-06-20,586.640015,587.732971,567.812988,574.320007,483.083069,25093.0
2011-06-21,608.799988,608.799988,568.53302,578.213013,486.357635,15968.0
2011-06-22,580.267029,584.0,573.893005,578.666992,486.739563,15696.0
2011-06-23,578.666992,581.067017,569.653015,573.387024,482.298431,5835.0
2011-06-24,574.400024,576.0,566.0,571.252991,480.503387,14190.0
2011-06-27,574.827026,586.132996,568.692993,576.880005,485.23645,6092.0
2011-06-28,574.400024,581.333008,574.400024,575.947021,484.451569,409770.0
2011-06-29,585.599976,585.599976,564.799988,572.880005,481.871979,11179.0
2011-06-30,580.77301,580.799988,542.932983,554.53302,466.439453,33015.0
2011-07-01,572.799988,613.333008,557.333008,579.252991,487.23233,127266.0
2011-07-04,579.973022,612.799988,570.747009,601.599976,506.029266,39917.0
2011-07-05,602.666992,608.0,587.76001,596.906982,502.081787,11959.0
2011-07-06,588.29303,597.840027,581.440002,593.973022,499.613922,6261.0
2011-07-07,591.973022,618.612976,586.640015,614.187012,516.616699,23168.0
2011-07-08,614.400024,621.867004,603.22699,607.093018,510.649689,4841.0
2011-07-11,605.867004,614.853027,598.453003,603.546997,507.667023,3471.0
2011-07-12,598.400024,603.067017,581.893005,592.052979,497.998993,43402.0
2011-07-13,592.052979,601.919983,592.026978,599.200012,504.010773,3711.0
2011-07-14,603.200012,626.612976,603.200012,618.080017,519.891296,9737.0
2011-07-15,613.413025,623.359985,613.333008,616.640015,518.680115,3109.0
2011-07-18,620.267029,620.267029,606.932983,611.653015,514.485413,3566.0
2011-07-19,608.0,626.612976,608.0,621.812988,523.03125,11132.0
2011-07-20,619.627014,622.932983,605.546997,613.333008,515.898315,78761.0
2011-07-21,607.440002,633.599976,600.53302,612.612976,515.292664,5113.0
2011-07-22,612.906982,613.333008,594.666992,598.747009,503.629639,42026.0
2011-07-25,597.867004,604.106995,582.507019,586.666992,493.468658,150606.0
2011-07-26,607.947021,612.267029,577.172974,581.440002,489.07196,54782.0
2011-07-27,599.46698,602.612976,581.387024,583.599976,490.888824,5286.0
2011-07-28,581.333008,586.106995,576.0,580.213013,488.039856,12853.0
2011-07-29,576.080017,594.666992,576.052979,584.453003,491.606476,10448.0
2011-08-01,598.932983,604.747009,584.453003,588.77301,495.240021,34162.0
2011-08-02,590.880005,601.039978,586.666992,597.172974,502.305573,101516.0
2011-08-03,592.0,592.799988,581.333008,584.906982,491.988281,3604.0
2011-08-04,590.932983,598.932983,584.0,590.612976,496.787781,278029.0
2011-08-05,588.53302,594.666992,562.880005,585.947021,492.863037,55631.0
2011-08-08,581.307007,581.333008,560.052979,565.867004,475.973053,174898.0
2011-08-09,560.53302,574.932983,545.200012,559.172974,470.342316,60223.0
2011-08-10,573.333008,573.333008,545.440002,549.52002,462.2229,41068.0
2011-08-11,557.333008,557.333008,544.052979,546.960022,460.06955,18851.0
2011-08-12,546.692993,553.572998,535.599976,539.252991,453.586853,11597.0
2011-08-16,538.132996,542.400024,525.919983,530.213013,445.983002,8490.0
2011-08-17,534.400024,534.400024,506.666992,511.119995,429.923065,41242.0
2011-08-18,506.666992,511.546997,486.587006,495.786987,417.025909,134278.0
2011-08-19,495.46701,498.027008,490.666992,493.600006,415.18631,17781.0
2011-08-22,493.359985,511.839996,488.53299,498.23999,419.089203,13341.0
2011-08-23,496.132996,506.079987,496.132996,499.279999,419.963989,35190.0
2011-08-24,501.333008,503.46701,497.066986,499.653015,420.27771,84322.0
2011-08-25,501.333008,501.333008,485.546997,490.266998,412.382813,117846.0
2011-08-26,485.920013,503.279999,485.920013,496.079987,417.272278,122745.0
2011-08-29,532.640015,532.640015,493.867004,498.559998,419.358368,92258.0
2011-08-30,498.826996,504.0,491.46701,498.372986,419.20105,16691.0
2011-09-02,504.0,506.480011,493.359985,503.359985,423.395721,124326.0
2011-09-05,483.359985,503.147003,473.600006,499.173004,419.873962,16058.0
2011-09-06,498.666992,504.292999,495.653015,501.200012,428.445435,55928.0
2011-09-07,532.640015,532.640015,496.747009,502.880005,429.881622,6047.0
2011-09-08,510.907013,510.907013,498.907013,504.187012,430.998871,50614.0
2011-09-09,504.53299,508.23999,501.333008,503.359985,430.291901,34729.0
2011-09-12,501.333008,514.080017,490.666992,497.867004,425.596283,58438.0
2011-09-13,508.23999,508.53299,491.733002,496.987,424.843964,17366.0
2011-09-14,497.066986,502.292999,480.0,487.839996,417.024811,407428.0
2011-09-15,500.799988,500.799988,480.613007,489.119995,418.118988,26927.0
2011-09-16,501.22699,501.279999,459.733002,471.333008,402.913971,557299.0
2011-09-19,474.666992,477.333008,466.666992,470.213013,401.956573,276405.0
2011-09-20,469.893005,477.333008,465.707001,473.653015,404.897217,128966.0
2011-09-21,476.799988,488.0,472.559998,482.826996,412.739532,50469.0
2011-09-22,477.333008,482.587006,466.666992,472.132996,403.597809,32927.0
2011-09-23,472.0,494.933014,464.0,489.147003,418.142029,45726.0
2011-09-26,499.733002,509.333008,488.0,491.493011,420.147614,52716.0
2011-09-27,498.666992,498.826996,487.867004,495.946991,423.954956,73590.0
2011-09-28,501.333008,501.333008,476.0,487.946991,417.116302,484264.0
2011-09-29,493.333008,526.987,480.0,519.492981,444.082977,111540.0
2011-09-30,501.359985,521.039978,501.359985,516.906982,441.872406,8842.0
2011-10-03,520.0,522.080017,486.53299,492.320007,420.854431,29961.0
2011-10-04,512.0,526.77301,488.559998,499.440002,426.940918,87448.0
2011-10-05,508.77301,508.77301,480.266998,483.946991,413.696899,19530.0
2011-10-07,490.692993,502.559998,485.412994,490.346985,419.167847,123272.0
2011-10-10,496.0,497.76001,485.359985,496.132996,424.113953,3047.0
2011-10-11,494.453003,548.666992,494.399994,524.719971,448.551239,115672.0
2011-10-12,525.333008,538.132996,525.333008,533.252991,455.845642,16808.0
2011-10-13,538.132996,543.46698,528.0,534.213013,456.66629,197814.0
2011-10-14,533.280029,533.333008,522.77301,525.599976,449.303436,1320.0
2011-10-17,533.333008,535.413025,517.627014,526.026978,449.668518,8188.0
2011-10-18,522.132996,532.267029,515.840027,518.53302,443.262421,2792.0
2011-10-19,537.119995,537.119995,525.333008,527.786987,451.173035,186231.0
2011-10-20,514.960022,528.0,514.960022,525.013,448.801666,8998.0
2011-10-21,524.29303,529.013,524.29303,526.187012,449.805298,6909.0
2011-10-24,526.932983,528.026978,521.093018,523.200012,447.251953,6630.0
2011-10-25,523.200012,525.333008,512.106995,521.786987,446.043976,31134.0
2011-10-28,517.973022,563.786987,515.840027,531.947021,454.729156,422665.0
2011-10-31,538.612976,552.0,517.867004,525.333008,449.075256,155175.0
2011-11-01,522.666992,532.799988,517.893005,523.52002,447.525513,125389.0
2011-11-02,529.067017,530.132996,512.53302,518.666992,443.376862,24135.0
2011-11-03,516.799988,526.400024,512.559998,519.973022,444.493347,15338.0
2011-11-04,517.359985,528.0,512.0,516.23999,441.302246,243722.0
2011-11-08,521.22699,522.666992,514.692993,517.039978,441.986115,359064.0
2011-11-09,513.599976,522.23999,512.799988,518.346985,443.103394,16421.0
2011-11-11,518.132996,523.572998,512.719971,518.106995,442.898224,41524.0
2011-11-14,513.599976,522.666992,513.599976,517.172974,442.099792,20531.0
2011-11-15,519.679993,520.23999,508.053009,512.0,437.677795,39052.0
2011-11-16,512.0,517.333008,507.867004,511.092987,436.902405,19749.0
2011-11-17,512.0,513.919983,508.160004,511.946991,437.632355,7196.0
2011-11-18,511.972992,512.0,502.399994,510.506989,436.401398,12082.0
2011-11-21,504.106995,515.333008,504.106995,510.959991,436.788696,7748.0
2011-11-22,514.53302,519.840027,508.799988,511.653015,437.381104,33630.0
2011-11-23,507.786987,513.572998,494.213013,498.799988,426.393829,117088.0
2011-11-24,499.76001,503.812988,480.0,487.972992,417.13855,11942.0
2011-11-25,485.893005,501.173004,479.46701,482.640015,412.579651,28119.0
2011-11-28,490.692993,495.920013,483.733002,490.427002,419.236267,51846.0
2011-11-29,495.307007,500.613007,486.23999,490.453003,419.258484,54214.0
2011-11-30,493.920013,493.920013,476.613007,481.519989,411.622253,181581.0
2011-12-01,484.799988,497.600006,482.959991,486.53299,415.907593,27193.0
2011-12-02,485.333008,490.132996,481.786987,487.679993,416.888,49161.0
2011-12-05,483.839996,497.040009,480.106995,485.359985,414.904785,37674.0
2011-12-07,485.359985,488.506989,475.22699,480.132996,410.436554,128231.0
2011-12-08,472.0,527.46698,472.0,505.493011,432.115265,123461.0
2011-12-09,493.333008,493.333008,475.279999,479.46701,409.86731,41074.0
2011-12-12,490.132996,490.132996,469.46701,476.559998,407.382233,164661.0
2011-12-13,472.506989,480.0,469.867004,474.852997,405.923004,53715.0
2011-12-14,485.333008,488.0,470.587006,472.799988,404.16803,45011.0
2011-12-15,472.53299,472.53299,464.027008,466.292999,398.60556,33690.0
2011-12-16,467.359985,478.160004,452.106995,458.292999,391.766907,68983.0
2011-12-19,458.666992,458.666992,442.692993,447.786987,382.785889,16410.0
2011-12-20,450.132996,450.132996,434.720001,440.77301,376.790131,291741.0
2011-12-21,440.372986,444.692993,436.852997,438.799988,375.103455,10899.0
2011-12-22,438.933014,444.747009,434.23999,443.066986,378.751068,14436.0
2011-12-23,443.200012,450.747009,438.399994,444.559998,380.027313,12534.0
2011-12-26,449.066986,450.666992,443.46701,445.920013,381.189972,1901.0
2011-12-27,446.132996,446.692993,441.412994,444.23999,379.753784,2432.0
2011-12-28,440.53299,442.132996,427.867004,435.679993,372.436401,14732.0
2011-12-29,432.587006,439.972992,428.799988,431.013,368.446869,1588.0
2011-12-30,431.013,482.666992,426.959991,447.46701,382.51236,33729.0
2012-01-02,463.46701,463.46701,432.0,436.826996,373.416901,17484.0
2012-01-03,437.893005,445.812988,437.893005,441.707001,377.588531,26940.0
2012-01-04,442.666992,462.933014,441.653015,445.066986,380.460754,76944.0
2012-01-05,445.066986,448.0,439.519989,441.679993,377.565369,31222.0
2012-01-06,440.0,450.666992,436.427002,442.640015,378.386017,285585.0
2012-01-09,442.880005,451.707001,442.880005,446.480011,381.668671,74548.0
2012-01-10,450.132996,455.493011,443.46701,453.359985,387.549896,51142.0
2012-01-11,448.053009,453.653015,444.987,448.079987,383.036346,38496.0
2012-01-12,450.666992,455.46701,445.386993,451.333008,385.8172,36021.0
2012-01-13,452.292999,452.292999,443.867004,447.066986,382.170441,42598.0
2012-01-16,448.132996,458.666992,444.266998,451.200012,385.703522,228578.0
2012-01-17,453.333008,455.839996,449.066986,451.092987,385.61203,583037.0
2012-01-18,449.333008,454.399994,443.867004,446.559998,381.73703,115988.0
2012-01-19,450.587006,458.559998,446.933014,449.307007,384.085297,127162.0
2012-01-20,450.187012,468.692993,450.187012,460.106995,393.317566,122338.0
2012-01-23,460.0,465.600006,457.307007,461.546997,394.548431,4599.0
2012-01-24,464.079987,488.0,461.920013,479.600006,409.980927,43181.0
2012-01-25,479.600006,491.972992,479.600006,490.132996,418.984924,18002.0
2012-01-27,490.132996,520.0,483.733002,514.159973,439.524078,35902.0
2012-01-30,520.53302,530.666992,509.359985,519.973022,444.493347,739725.0
2012-01-31,520.0,522.666992,511.440002,518.932983,443.604279,154020.0
2012-02-01,526.400024,526.906982,498.692993,506.987,433.392395,272974.0
2012-02-02,519.973022,519.973022,501.333008,512.586975,438.179474,33772.0
2012-02-03,521.039978,521.039978,499.307007,511.040009,436.857086,92104.0
2012-02-06,514.132996,519.359985,500.799988,503.653015,430.542419,39615.0
2012-02-07,512.0,512.0,486.987,488.160004,417.29837,129103.0
2012-02-08,505.066986,505.066986,480.587006,488.53299,417.617188,328069.0
2012-02-09,488.53299,509.307007,487.493011,503.867004,430.725311,280669.0
2012-02-10,501.333008,515.732971,493.46701,500.213013,427.601776,260769.0
2012-02-13,493.333008,508.799988,493.333008,501.307007,428.536926,252253.0
2012-02-14,501.946991,508.799988,494.399994,496.933014,424.797821,308376.0
2012-02-15,494.372986,505.066986,492.0,501.867004,435.589722,11351.0
2012-02-16,504.53299,524.799988,502.399994,513.679993,452.606598,224659.0
2012-02-17,516.799988,525.307007,512.692993,520.906982,458.974335,364037.0
2012-02-21,520.906982,537.492981,520.747009,530.080017,467.056763,222810.0
2012-02-22,526.106995,545.067017,519.973022,540.932983,476.619385,284117.0
2012-02-23,540.692993,545.70697,512.640015,532.213013,468.936157,73500.0
2012-02-24,531.786987,541.22699,529.093018,532.586975,469.265625,18924.0
2012-02-27,528.026978,539.732971,512.640015,524.747009,462.357819,146923.0
2012-02-28,524.77301,528.932983,516.267029,521.093018,459.138275,11439.0
2012-02-29,517.867004,535.867004,515.76001,518.906982,457.212128,13502.0
2012-03-01,508.053009,517.333008,501.333008,505.013,444.970001,16609.0
2012-03-02,514.666992,514.666992,493.867004,497.600006,438.438416,11944.0
2012-03-05,496.0,506.132996,496.0,499.040009,439.707184,13993.0
2012-03-06,487.972992,500.77301,483.653015,486.292999,428.475739,73162.0
2012-03-07,480.692993,490.640015,469.440002,473.493011,417.197571,25993.0
2012-03-09,473.493011,482.559998,467.252991,469.519989,413.69693,45343.0
2012-03-12,472.106995,479.412994,469.867004,471.572998,415.505859,27553.0
2012-03-13,478.720001,484.799988,471.22699,479.76001,422.719482,58168.0
2012-03-14,482.666992,499.200012,455.333008,466.079987,410.665924,416507.0
2012-03-15,467.733002,469.307007,458.666992,462.640015,407.634918,20754.0
2012-03-16,465.786987,472.480011,453.707001,467.707001,412.099487,44378.0
2012-03-19,467.119995,477.333008,467.119995,472.399994,416.234497,10631.0
2012-03-20,474.640015,474.640015,459.092987,466.666992,411.183167,132407.0
2012-03-21,467.546997,471.920013,459.200012,466.747009,411.253693,29280.0
2012-03-22,465.147003,473.679993,461.46701,470.23999,414.331329,129073.0
2012-03-23,472.0,479.46701,465.200012,476.933014,420.228577,25367.0
2012-03-26,480.0,480.0,472.187012,477.333008,420.581024,157296.0
2012-03-27,474.666992,474.692993,461.359985,468.907013,413.15686,95625.0
2012-03-28,481.066986,481.066986,450.747009,471.493011,415.435394,271723.0
2012-03-29,471.46701,490.132996,469.359985,487.066986,429.157684,88149.0
2012-03-30,483.333008,525.333008,481.066986,509.252991,448.705933,283622.0
2012-04-02,507.627014,508.213013,495.46701,505.972992,445.815857,225026.0
2012-04-03,506.692993,519.387024,486.399994,511.972992,451.10257,683741.0
2012-04-04,505.066986,514.132996,505.066986,509.333008,448.776398,27124.0
2012-04-09,509.333008,514.132996,496.692993,505.920013,445.769226,61275.0
2012-04-10,506.372986,506.399994,486.720001,489.707001,431.483795,5874.0
2012-04-11,488.506989,490.666992,480.613007,486.053009,428.264282,34410.0
2012-04-12,488.0,490.640015,481.600006,485.46701,427.747955,13358.0
2012-04-13,482.666992,496.0,476.826996,481.119995,423.917786,14528.0
2012-04-16,481.707001,483.733002,476.266998,478.453003,421.567902,1399.0
2012-04-17,521.387024,521.387024,473.066986,492.506989,433.950897,14754.0
2012-04-18,500.187012,500.187012,482.132996,484.907013,427.254547,22007.0
2012-04-19,487.893005,487.893005,480.613007,485.173004,427.488861,40508.0
2012-04-20,483.200012,489.066986,482.640015,484.266998,426.690613,13335.0
2012-04-23,493.867004,493.867004,474.666992,476.027008,419.430328,12911.0
2012-04-24,477.359985,481.013,466.666992,471.920013,415.811554,9437.0
2012-04-25,471.173004,490.613007,465.600006,468.77301,413.038788,12056.0
2012-04-26,464.160004,473.600006,458.666992,467.600006,412.005188,115568.0
2012-04-27,467.252991,474.079987,461.359985,468.23999,412.569092,8413.0
2012-04-30,472.0,482.666992,464.079987,476.747009,420.064728,47342.0
2012-05-02,470.399994,479.920013,470.399994,475.307007,418.795898,7298.0
2012-05-03,477.279999,477.279999,469.333008,471.733002,415.64682,238028.0
2012-05-04,473.572998,473.572998,458.720001,463.733002,408.597961,5477.0
2012-05-07,464.0,468.799988,456.0,460.799988,406.013641,6351.0
2012-05-08,460.0,477.147003,459.812988,466.399994,410.947876,6375.0
2012-05-09,464.0,466.640015,439.946991,447.173004,394.006927,56888.0
2012-05-10,450.427002,465.600006,446.640015,455.867004,401.667267,8481.0
2012-05-11,451.200012,458.587006,451.200012,455.519989,401.36145,7088.0
2012-05-14,458.132996,476.213013,455.733002,468.77301,413.038788,6898.0
2012-05-15,463.46701,470.587006,463.46701,469.22699,413.438751,11228.0
2012-05-16,461.359985,476.77301,460.666992,468.799988,413.062561,14764.0
2012-05-17,466.53299,474.666992,464.799988,466.907013,411.394623,49376.0
2012-05-18,465.572998,466.666992,459.22699,464.187012,408.998047,2944.0
2012-05-21,463.972992,472.0,453.46701,461.812988,406.906281,6763.0
2012-05-22,469.307007,469.307007,456.0,461.252991,406.412781,4074.0
2012-05-23,454.587006,463.679993,440.0,451.386993,397.719849,16875.0
2012-05-24,457.76001,461.307007,444.292999,448.0,394.735535,381171.0
2012-05-25,451.307007,456.880005,444.959991,455.333008,401.196686,2786.0
2012-05-28,454.933014,460.559998,450.213013,455.200012,401.079529,34301.0
2012-05-29,458.53299,463.46701,455.867004,462.480011,407.493988,1894.0
2012-05-30,461.307007,488.399994,457.359985,483.279999,425.820953,57304.0
2012-05-31,473.600006,481.600006,458.987,470.079987,414.190369,303431.0
2012-06-01,470.23999,483.679993,466.666992,479.920013,422.860443,564099.0
2012-06-04,469.333008,477.333008,467.707001,475.839996,419.265533,9919.0
2012-06-05,476.292999,478.372986,464.027008,468.160004,412.498627,14332.0
2012-06-06,468.799988,471.386993,464.53299,466.799988,411.300385,2709.0
2012-06-07,474.132996,476.320007,465.76001,469.440002,413.626495,17126.0
2012-06-08,470.933014,474.559998,458.77301,463.839996,408.692169,11859.0
2012-06-11,466.692993,473.066986,458.826996,462.053009,407.117737,8111.0
2012-06-12,462.053009,470.027008,459.200012,462.53299,407.540619,8514.0
2012-06-13,465.333008,468.213013,453.972992,456.959991,402.630249,9774.0
2012-06-14,455.893005,471.359985,453.812988,458.559998,404.040039,7922.0
2012-06-15,454.427002,464.0,454.427002,457.333008,402.958923,11649.0
2012-06-18,459.200012,468.079987,454.399994,456.372986,402.113007,6465.0
2012-06-19,456.187012,462.852997,454.399994,457.333008,402.958923,124498.0
2012-06-20,461.279999,477.013,457.359985,470.559998,414.613312,9531.0
2012-06-21,465.119995,469.600006,459.307007,466.053009,410.642181,14520.0
2012-06-22,461.333008,480.0,461.333008,463.066986,408.011169,10596.0
2012-06-25,469.333008,474.053009,463.46701,466.747009,411.253693,4466.0
2012-06-26,464.852997,469.22699,460.799988,467.707001,412.099487,10022.0
2012-06-27,471.493011,474.640015,464.559998,468.907013,413.15686,15716.0
2012-06-28,471.46701,479.46701,466.132996,474.852997,418.395905,17518.0
2012-06-29,476.266998,502.880005,476.266998,490.613007,432.282074,64582.0
2012-07-02,493.333008,498.666992,479.173004,483.119995,425.680023,38263.0
2012-07-03,483.092987,501.307007,478.987,498.613007,439.330963,62226.0
2012-07-04,497.066986,500.266998,491.200012,494.399994,435.618835,3043.0
2012-07-05,493.333008,499.200012,485.600006,495.920013,436.95813,9538.0
2012-07-06,495.972992,499.812988,490.692993,492.907013,434.303406,251096.0
2012-07-09,492.852997,492.907013,473.200012,478.480011,421.591644,4183.0
2012-07-10,480.53299,488.53299,478.933014,486.77301,428.898651,3366.0
2012-07-11,469.333008,486.77301,469.333008,483.040009,425.609497,3735.0
2012-07-12,479.920013,485.333008,476.292999,479.493011,422.484283,4093.0
2012-07-13,474.666992,486.399994,474.640015,476.213013,419.594177,6731.0
2012-07-16,478.933014,482.666992,472.799988,480.079987,423.001465,7543.0
2012-07-17,476.880005,490.346985,476.346985,479.867004,422.813721,401708.0
2012-07-18,478.453003,490.666992,475.386993,480.372986,423.259583,24195.0
2012-07-19,482.640015,488.0,477.440002,483.252991,425.797241,16468.0
2012-07-20,481.092987,487.147003,477.412994,482.880005,425.468506,12015.0
2012-07-23,481.066986,493.333008,480.0,487.627014,429.651184,20259.0
2012-07-24,490.933014,496.372986,488.880005,491.440002,433.010742,22104.0
2012-07-25,493.893005,515.732971,490.132996,499.946991,440.506378,136436.0
2012-07-26,493.307007,504.427002,477.333008,491.173004,432.775513,59904.0
2012-07-27,491.200012,493.22699,469.333008,484.480011,426.878357,116914.0
2012-07-30,483.040009,494.933014,482.907013,491.359985,432.940216,119541.0
2012-07-31,494.399994,506.132996,494.399994,503.839996,443.936493,195668.0
2012-08-01,501.333008,516.267029,501.333008,511.092987,450.327148,18274.0
2012-08-02,511.092987,512.0,502.959991,511.679993,450.844391,10903.0
2012-08-03,508.320007,509.867004,500.959991,506.213013,446.027405,9982.0
2012-08-06,501.333008,511.946991,500.53299,504.427002,444.453705,29501.0
2012-08-07,506.106995,510.23999,502.480011,503.519989,443.654572,88680.0
2012-08-08,503.707001,504.720001,499.22699,502.799988,443.020142,3862.0
2012-08-09,501.893005,505.76001,501.040009,502.613007,442.855438,3645.0
2012-08-10,502.292999,504.0,498.613007,502.666992,442.902954,2370.0
2012-08-13,504.0,512.0,504.0,510.933014,450.186218,13624.0
2012-08-14,511.412994,511.412994,501.333008,506.587006,446.356934,2678.0
2012-08-16,506.587006,510.399994,497.920013,503.972992,444.05365,3870.0
2012-08-17,506.666992,511.653015,502.77301,504.692993,444.68811,2897.0
2012-08-21,504.692993,520.719971,498.907013,501.386993,441.775146,33772.0
2012-08-22,502.23999,503.946991,494.987,499.200012,439.848206,5348.0
2012-08-23,500.160004,509.333008,498.666992,507.733002,447.366577,58689.0
2012-08-24,503.493011,510.933014,499.572998,506.987,446.709381,179828.0
2012-08-27,505.600006,506.666992,489.920013,490.77301,432.423096,14884.0
2012-08-28,493.040009,497.066986,491.092987,495.013,436.158936,41184.0
2012-08-29,494.0,497.893005,490.132996,497.066986,437.968689,1489.0
2012-08-30,496.53299,503.733002,495.946991,501.572998,441.938995,36848.0
2012-08-31,500.826996,501.786987,496.933014,499.440002,440.059631,2809.0
2012-09-03,499.839996,499.839996,491.733002,496.027008,437.05246,227445.0
2012-09-04,497.893005,497.893005,493.066986,494.213013,435.454163,1037.0
2012-09-05,491.22699,495.013,491.147003,492.826996,442.287262,596.0
2012-09-06,493.333008,493.839996,490.187012,491.279999,440.898895,25875.0
2012-09-07,493.092987,498.959991,493.092987,498.266998,447.169373,256929.0
2012-09-10,493.092987,493.333008,485.627014,486.852997,436.925903,87705.0
2012-09-11,485.333008,492.613007,483.707001,491.600006,441.186096,51626.0
2012-09-12,492.852997,505.920013,492.852997,499.200012,448.006714,3508.0
2012-09-13,508.23999,514.0,500.852997,511.440002,458.991486,43102.0
2012-09-14,511.572998,521.039978,501.440002,513.76001,461.073578,69255.0
2012-09-17,512.53302,514.29303,504.799988,511.412994,458.967316,86402.0
2012-09-18,511.679993,511.733002,505.76001,507.092987,455.090271,19843.0
2012-09-20,507.092987,507.092987,500.799988,502.427002,450.902802,39488.0
2012-09-21,502.587006,508.320007,502.160004,506.372986,454.444122,87471.0
2012-09-24,505.946991,512.106995,505.946991,509.76001,457.483826,65567.0
2012-09-25,510.053009,516.159973,501.412994,508.666992,456.502899,69396.0
2012-09-26,511.46701,511.46701,504.587006,506.187012,454.277191,104460.0
2012-09-27,508.77301,513.599976,502.0,508.292999,456.167236,17865.0
2012-09-28,504.187012,516.799988,504.160004,509.733002,457.459564,126476.0
2012-10-01,514.666992,514.666992,507.733002,508.692993,456.526215,13462.0
2012-10-03,508.692993,512.0,504.0,509.519989,457.268372,85851.0
2012-10-04,512.0,532.692993,511.46701,523.333008,469.664856,39450.0
2012-10-05,520.026978,525.840027,520.026978,524.427002,470.646698,22929.0
2012-10-08,515.280029,533.333008,512.0,530.427002,476.031342,4622.0
2012-10-09,530.29303,543.359985,530.29303,538.612976,483.377899,158286.0
2012-10-10,526.932983,566.320007,526.932983,554.187012,497.354858,52789.0
2012-10-11,551.599976,576.0,549.76001,559.76001,502.356262,81388.0
2012-10-12,545.252991,573.280029,545.252991,568.853027,510.516846,14079.0
2012-10-15,539.200012,573.333008,539.200012,559.893005,502.475616,29002.0
2012-10-16,570.559998,573.333008,557.387024,563.200012,505.443481,39399.0
2012-10-17,562.666992,570.132996,552.612976,563.679993,505.874207,9956.0
2012-10-18,562.692993,567.333008,554.799988,563.867004,506.042023,7581.0
2012-10-19,560.0,564.427002,536.507019,549.440002,493.094635,61972.0
2012-10-22,544.559998,588.640015,539.732971,575.786987,516.739685,39846.0
2012-10-23,573.067017,573.067017,550.400024,556.29303,499.244781,37178.0
2012-10-25,556.29303,578.106995,554.932983,565.146973,507.190674,32070.0
2012-10-29,565.146973,565.146973,541.387024,546.932983,490.844666,106181.0
2012-10-30,547.840027,552.799988,545.70697,549.146973,492.831635,217333.0
2012-10-31,545.732971,546.666992,525.46698,535.492981,480.577789,62108.0
2012-11-01,538.666992,547.200012,533.333008,540.026978,484.64682,83494.0
2012-11-02,539.973022,546.640015,539.732971,542.559998,486.920166,19093.0
2012-11-05,545.067017,547.70697,537.599976,541.333008,485.81897,46247.0
2012-11-06,546.612976,546.612976,535.359985,541.039978,485.555969,102309.0
2012-11-07,541.867004,545.867004,538.612976,541.333008,485.81897,21518.0
2012-11-08,542.106995,549.333008,534.692993,544.0,488.212494,11771.0
2012-11-09,538.666992,545.200012,533.867004,534.987,480.123688,8141.0
2012-11-12,535.572998,542.906982,530.132996,539.280029,483.976563,4802.0
2012-11-15,539.280029,540.507019,528.53302,529.572998,475.265015,143889.0
2012-11-16,530.880005,531.732971,517.840027,517.919983,464.806976,51611.0
2012-11-19,518.400024,518.400024,509.333008,510.799988,458.417114,10080.0
2012-11-20,510.399994,511.733002,504.559998,505.76001,453.894012,9765.0
2012-11-21,505.092987,506.213013,490.933014,499.920013,448.652893,19753.0
2012-11-22,498.640015,511.972992,487.147003,506.372986,454.444122,47702.0
2012-11-23,507.200012,508.799988,498.799988,501.572998,450.136353,5602.0
2012-11-26,506.666992,510.399994,493.333008,496.587006,445.661682,26884.0
2012-11-27,498.666992,506.132996,490.880005,499.546997,448.318115,34847.0
2012-11-29,499.546997,514.640015,494.559998,511.147003,458.728546,14246.0
2012-11-30,511.972992,517.307007,493.333008,495.46701,444.656586,43984.0
2012-12-03,495.46701,501.307007,490.666992,493.946991,443.292389,29469.0
2012-12-04,499.440002,499.839996,485.493011,490.346985,440.061615,41597.0
2012-12-05,493.867004,494.132996,486.453003,489.653015,439.438812,40736.0
2012-12-06,498.666992,498.666992,481.600006,483.893005,434.269501,52119.0
2012-12-07,485.333008,488.0,482.720001,485.333008,435.561737,39396.0
2012-12-10,486.933014,489.600006,481.066986,483.707001,434.102539,48261.0
2012-12-11,485.307007,487.333008,475.893005,481.920013,432.498779,63311.0
2012-12-12,476.320007,485.252991,475.200012,483.920013,434.293732,872353.0
2012-12-13,485.333008,487.946991,475.733002,485.412994,435.633575,44576.0
2012-12-14,498.640015,498.640015,486.106995,490.320007,440.037354,30968.0
2012-12-17,496.0,496.0,487.440002,489.572998,439.367004,45549.0
2012-12-18,490.613007,494.826996,485.46701,492.747009,442.215515,13826.0
2012-12-19,492.266998,497.493011,485.333008,493.653015,443.028595,37041.0
2012-12-20,498.053009,498.053009,484.799988,487.119995,437.165527,71048.0
2012-12-21,487.972992,503.440002,485.333008,499.600006,448.365692,181416.0
2012-12-24,502.399994,509.307007,488.799988,490.880005,440.539917,33129.0
2012-12-26,490.880005,498.132996,489.092987,490.933014,440.587494,47507.0
2012-12-27,490.692993,494.372986,481.066986,488.852997,438.720825,99808.0
2012-12-28,493.333008,496.292999,482.132996,489.359985,439.175812,116602.0
2012-12-31,490.666992,493.22699,485.920013,490.640015,440.324585,40612.0
2013-01-01,491.733002,493.867004,487.013,490.23999,439.965546,6000.0
2013-01-02,491.733002,496.0,486.880005,488.106995,438.051361,31635.0
2013-01-03,488.187012,493.333008,487.572998,491.786987,441.353943,52286.0
2013-01-04,493.307007,503.440002,491.252991,499.627014,448.389923,156493.0
2013-01-07,500.747009,520.0,500.747009,512.29303,459.75708,69015.0
2013-01-08,514.640015,518.932983,507.733002,511.812988,459.326263,35329.0
2013-01-09,509.493011,518.372986,507.733002,509.307007,457.077301,12626.0
2013-01-10,510.880005,517.867004,493.627014,500.613007,449.27478,72998.0
2013-01-11,503.972992,512.0,499.22699,502.747009,451.189972,14559.0
2013-01-14,508.799988,514.612976,502.933014,506.559998,454.611969,31181.0
2013-01-15,507.092987,507.200012,495.786987,499.627014,448.389923,9578.0
2013-01-16,503.972992,506.666992,496.0,501.920013,450.447815,41439.0
2013-01-17,499.493011,501.333008,492.826996,496.987,446.020691,83237.0
2013-01-18,496.53299,501.173004,494.027008,498.320007,447.21698,5902.0
2013-01-21,498.666992,510.987,498.666992,502.106995,450.615601,36302.0
2013-01-22,503.46701,506.666992,500.266998,502.427002,450.902802,8012.0
2013-01-23,501.333008,505.46701,491.733002,496.826996,445.877075,62220.0
2013-01-24,493.359985,498.666992,489.066986,493.359985,442.765564,11147.0
2013-01-25,488.0,499.200012,485.359985,495.440002,444.632324,61740.0
2013-01-28,492.799988,504.0,492.799988,495.040009,444.273346,48806.0
2013-01-29,494.959991,500.266998,492.799988,496.613007,445.685028,24968.0
2013-01-30,500.266998,502.399994,493.333008,496.506989,445.589905,25052.0
2013-01-31,496.559998,505.066986,494.23999,498.506989,447.384766,50089.0
2013-02-01,498.640015,502.852997,484.346985,489.46701,439.27182,325144.0
2013-02-04,498.692993,510.692993,488.852997,496.880005,445.924652,53374.0
2013-02-05,500.266998,506.666992,492.266998,502.346985,450.830963,132354.0
2013-02-06,498.692993,507.839996,498.692993,506.266998,454.348999,218651.0
2013-02-07,502.933014,512.0,502.933014,507.572998,455.521057,53507.0
2013-02-08,513.039978,541.333008,500.826996,513.46698,460.810638,196792.0
2013-02-11,509.333008,522.640015,507.119995,517.333008,471.628326,239091.0
2013-02-12,512.53302,524.799988,512.53302,522.106995,475.980499,41432.0
2013-02-13,524.799988,574.29303,522.640015,536.559998,489.156616,263580.0
2013-02-14,539.732971,546.559998,517.387024,523.093018,476.879456,58104.0
2013-02-15,526.026978,540.427002,520.0,533.307007,486.191101,283022.0
2013-02-18,532.77301,557.333008,513.200012,545.067017,496.912048,251128.0
2013-02-19,546.640015,549.200012,541.333008,543.093018,495.112488,9896.0
2013-02-20,541.546997,547.893005,536.0,538.640015,491.052948,258992.0
2013-02-21,532.400024,543.973022,526.827026,532.666992,485.607605,51630.0
2013-02-22,534.400024,582.187012,529.786987,533.70697,486.555725,136052.0
2013-02-25,532.267029,546.666992,528.666992,538.987,491.369232,517839.0
2013-02-26,535.46698,554.666992,529.919983,545.22699,497.057922,427965.0
2013-02-27,546.77301,564.799988,546.77301,556.53302,507.365204,547159.0
2013-02-28,559.093018,564.213013,550.853027,553.599976,504.691162,256612.0
2013-03-01,553.627014,561.599976,548.77301,556.346985,507.195618,73554.0
2013-03-04,559.413025,562.666992,544.960022,554.827026,505.809906,156461.0
2013-03-05,554.666992,561.546997,553.867004,555.893005,506.781647,80891.0
2013-03-06,562.427002,573.146973,554.692993,567.013,516.919312,241209.0
2013-03-07,567.440002,570.586975,557.333008,564.0,514.172485,179777.0
2013-03-08,560.026978,565.333008,555.200012,562.692993,512.980957,174804.0
2013-03-11,562.106995,580.267029,556.400024,565.307007,515.363953,1037488.0
2013-03-12,567.359985,573.252991,546.23999,568.0,517.819092,382333.0
2013-03-13,648.0,648.0,559.46698,562.267029,512.59259,82436.0
2013-03-14,562.29303,572.77301,558.987,568.666992,518.427124,254619.0
2013-03-15,565.067017,572.400024,537.599976,553.22699,504.351166,54988.0
2013-03-18,540.987,569.572998,540.987,560.586975,511.060913,41944.0
2013-03-19,560.23999,565.333008,538.666992,547.146973,498.80835,58890.0
2013-03-20,548.692993,554.960022,546.666992,549.333008,500.801117,20528.0
2013-03-21,544.640015,566.400024,537.307007,546.53302,498.248657,671606.0
2013-03-22,538.692993,559.440002,538.692993,549.252991,500.728271,42568.0
2013-03-25,543.52002,556.719971,543.52002,546.960022,498.637939,344741.0
2013-03-26,549.280029,554.213013,541.333008,549.067017,500.558746,791038.0
2013-03-28,549.067017,553.440002,544.052979,549.627014,501.069275,1249916.0
2013-04-01,549.627014,565.333008,549.359985,564.187012,514.342896,1059182.0
2013-04-02,564.559998,594.666992,560.080017,581.52002,530.144592,51255.0
2013-04-03,602.132996,602.213013,570.719971,582.932983,531.4328,176717.0
2013-04-04,580.159973,599.093018,549.333008,558.987,509.602264,17308.0
2013-04-05,574.932983,574.932983,554.692993,567.679993,517.527222,8841.0
2013-04-08,568.507019,589.333008,568.507019,586.77301,534.933472,17955.0
2013-04-09,586.666992,599.947021,572.799988,575.146973,524.334595,72851.0
2013-04-10,571.200012,582.400024,565.947021,570.612976,520.201111,819906.0
2013-04-11,570.132996,580.77301,568.0,574.213013,523.483093,4198.0
2013-04-12,570.666992,573.840027,570.559998,571.013,520.565796,11306.0
2013-04-15,560.132996,589.546997,560.132996,577.599976,526.570862,17659.0
2013-04-16,573.307007,578.106995,568.853027,574.372986,523.628967,9919.0
2013-04-17,574.346985,589.22699,569.440002,573.252991,522.608032,20932.0
2013-04-18,574.906982,576.507019,570.666992,572.932983,522.316223,7892.0
2013-04-22,572.932983,581.280029,568.026978,574.586975,523.824036,114298.0
2013-04-23,571.840027,580.77301,571.22699,576.0,525.112305,558894.0
2013-04-25,576.0,598.346985,566.932983,589.786987,537.681213,118134.0
2013-04-26,588.799988,636.400024,587.200012,610.29303,556.37561,159469.0
2013-04-29,610.29303,612.666992,600.53302,602.427002,549.204407,9701.0
2013-04-30,605.492981,607.387024,576.0,599.786987,546.797668,32805.0
2013-05-02,599.786987,608.0,588.267029,597.786987,544.974426,15429.0
2013-05-03,593.599976,604.267029,585.067017,594.666992,542.130066,26484.0
2013-05-06,589.359985,594.666992,587.200012,594.213013,541.716248,5130.0
2013-05-07,590.427002,615.947021,589.786987,597.200012,544.439209,29023.0
2013-05-08,599.973022,615.46698,596.267029,603.627014,550.298523,91854.0
2013-05-09,602.026978,608.0,593.599976,594.612976,542.080811,24553.0
2013-05-10,594.132996,608.747009,583.732971,599.492981,546.529846,353486.0
2013-05-13,593.599976,602.400024,581.572998,593.973022,541.497375,98419.0
2013-05-14,595.440002,605.840027,589.867004,601.76001,548.596497,173282.0
2013-05-15,593.067017,612.267029,593.067017,609.893005,556.010986,267559.0
2013-05-16,612.106995,620.213013,603.359985,613.039978,558.879883,87073.0
2013-05-17,609.867004,624.0,609.812988,611.786987,557.737549,162576.0
2013-05-20,623.46698,623.46698,605.359985,611.732971,557.688416,160290.0
2013-05-21,601.067017,618.559998,601.067017,612.052979,557.980042,12225.0
2013-05-22,602.719971,616.0,602.719971,610.747009,556.789551,90527.0
2013-05-23,603.039978,608.960022,592.559998,596.507019,543.807556,7954.0
2013-05-24,586.666992,602.640015,580.267029,584.453003,532.818481,19950.0
2013-05-27,583.46698,599.786987,568.640015,584.372986,532.745605,128918.0
2013-05-28,599.46698,599.46698,571.252991,576.53302,525.598145,10044.0
2013-05-29,571.46698,621.867004,571.46698,602.400024,549.179871,432114.0
2013-05-30,601.572998,608.0,588.320007,598.159973,545.314453,31841.0
2013-05-31,601.067017,646.400024,592.666992,610.320007,556.400208,243441.0
2013-06-03,608.0,649.599976,597.307007,640.47998,583.89563,149576.0
2013-06-04,634.747009,657.067017,634.747009,645.119995,588.125732,245387.0
2013-06-05,645.333008,645.572998,633.76001,639.46698,582.97229,239280.0
2013-06-06,642.666992,645.039978,605.333008,613.52002,559.317444,18244.0
2013-06-07,613.867004,618.666992,600.0,603.70697,550.37146,16432.0
2013-06-10,615.46698,615.46698,587.200012,595.119995,542.54303,77968.0
2013-06-11,586.747009,598.372986,573.653015,581.46698,530.096191,330726.0
2013-06-12,572.29303,600.53302,572.267029,589.013,536.975647,22298.0
2013-06-13,599.46698,599.46698,573.387024,586.586975,534.763855,159928.0
2013-06-14,577.919983,591.46698,577.919983,582.453003,530.994995,23666.0
2013-06-17,576.53302,598.827026,576.53302,588.692993,536.683838,19892.0
2013-06-18,582.932983,588.267029,571.280029,578.612976,527.494446,62436.0
2013-06-19,575.919983,588.77301,575.919983,586.026978,534.253418,11299.0
2013-06-20,590.372986,590.372986,571.732971,579.70697,528.49176,12788.0
2013-06-21,573.359985,583.440002,560.0,562.453003,512.762024,46901.0
2013-06-24,561.492981,564.267029,553.812988,560.507019,510.988007,31543.0
2013-06-25,567.093018,586.132996,556.827026,580.159973,528.904724,9694.0
2013-06-26,570.559998,584.400024,570.559998,575.440002,524.601807,90525.0
2013-06-27,579.200012,579.22699,565.333008,570.932983,520.493042,8289.0
2013-06-28,575.627014,593.572998,568.853027,575.22699,524.407471,131657.0
2013-07-01,584.53302,597.172974,577.599976,586.559998,534.739319,4434.0
2013-07-02,589.307007,594.666992,581.627014,585.812988,534.058289,48949.0
2013-07-03,587.359985,592.453003,576.0,579.840027,528.612976,10194.0
2013-07-04,581.333008,619.732971,581.333008,601.732971,548.571777,377091.0
2013-07-05,613.280029,613.333008,603.280029,605.973022,552.437256,15611.0
2013-07-08,602.132996,607.492981,597.359985,604.880005,551.440735,11471.0
2013-07-09,605.732971,613.333008,598.187012,601.947021,548.766907,107032.0
2013-07-10,607.46698,613.146973,596.799988,598.960022,546.043823,3572.0
2013-07-11,594.692993,612.53302,594.692993,602.719971,549.47168,21006.0
2013-07-12,605.172974,607.387024,597.440002,602.612976,549.374146,25429.0
2013-07-15,605.200012,605.307007,590.400024,597.280029,544.512207,203758.0
2013-07-16,600.0,600.0,585.119995,588.666992,536.660156,105782.0
2013-07-17,602.640015,602.640015,584.0,586.559998,534.739319,11961.0
2013-07-18,582.427002,597.333008,582.400024,586.559998,534.739319,13552.0
2013-07-19,604.267029,621.70697,592.0,595.492981,542.882996,113196.0
2013-07-22,597.867004,608.0,597.867004,602.106995,548.912842,10554.0
2013-07-23,598.400024,606.612976,592.0,595.119995,542.54303,56662.0
2013-07-24,592.586975,602.666992,585.599976,591.307007,539.067017,21210.0
2013-07-25,596.267029,600.53302,567.172974,570.932983,520.493042,28037.0
2013-07-26,581.333008,583.52002,544.586975,563.067017,513.321838,24368.0
2013-07-29,557.359985,565.333008,541.840027,547.146973,498.80835,173091.0
2013-07-30,542.987,544.827026,524.0,531.893005,484.901947,41222.0
2013-07-31,521.146973,532.77301,515.22699,529.786987,482.981995,152244.0
2013-08-01,525.333008,540.77301,520.0,527.840027,489.99353,198489.0
2013-08-02,522.719971,576.0,507.46701,556.320007,516.431458,58843.0
2013-08-05,556.29303,569.70697,528.507019,553.333008,513.65863,41559.0
2013-08-06,541.333008,559.973022,533.333008,536.23999,497.791077,35192.0
2013-08-07,536.026978,568.026978,536.026978,562.346985,522.026245,34937.0
2013-08-08,556.799988,581.280029,549.867004,572.880005,531.804077,392646.0
2013-08-12,572.880005,584.53302,556.640015,572.640015,531.58136,7909.0
2013-08-13,573.333008,578.132996,566.719971,573.46698,532.348999,226459.0
2013-08-14,578.640015,581.333008,570.666992,575.867004,534.576965,1757.0
2013-08-16,575.867004,581.307007,565.333008,571.093018,530.145142,4686.0
2013-08-19,568.427002,578.132996,561.546997,571.307007,530.343933,88639.0
2013-08-20,568.53302,573.307007,554.666992,566.559998,525.937256,28448.0
2013-08-21,569.786987,570.400024,560.0,561.413025,521.159302,3289.0
2013-08-22,559.786987,577.067017,557.52002,566.586975,525.962341,10508.0
2013-08-23,564.213013,568.0,556.827026,559.70697,519.5755,93292.0
2013-08-26,560.0,562.132996,549.333008,554.932983,515.143921,7708.0
2013-08-27,550.400024,553.546997,541.333008,546.29303,507.123474,4059.0
2013-08-28,536.187012,543.679993,522.666992,538.799988,500.167572,46179.0
2013-08-29,544.53302,564.77301,536.692993,547.627014,508.361847,38685.0
2013-08-30,548.799988,558.29303,539.307007,555.653015,515.812378,101629.0
2013-09-02,562.666992,564.640015,545.440002,559.333008,519.228455,686972.0
2013-09-03,560.0,560.0,547.013,552.960022,513.312317,8256.0
2013-09-04,549.387024,558.906982,549.387024,557.067017,517.124878,13052.0
2013-09-05,560.080017,567.440002,560.0,563.76001,523.338013,17531.0
2013-09-06,536.799988,598.23999,536.799988,567.280029,526.605713,64542.0
2013-09-10,567.280029,573.599976,552.039978,559.719971,519.587708,163496.0
2013-09-11,608.799988,608.799988,549.280029,559.679993,519.550476,35394.0
2013-09-12,556.039978,569.320007,548.0,550.47998,511.010223,43796.0
2013-09-13,554.400024,559.960022,548.440002,552.440002,512.82959,971215.0
2013-09-16,552.440002,559.880005,544.799988,557.0,517.062683,125644.0
2013-09-17,559.119995,561.359985,552.119995,555.679993,515.837341,24052.0
2013-09-18,551.200012,566.960022,551.200012,562.52002,522.186829,198256.0
2013-09-19,562.0,572.0,560.0,562.440002,522.112671,17651.0
2013-09-20,568.0,596.0,560.919983,585.320007,543.352112,813639.0
2013-09-23,583.200012,583.200012,572.039978,578.23999,536.779724,19168.0
2013-09-24,578.919983,592.039978,578.919983,587.440002,545.320129,157716.0
2013-09-25,584.039978,596.799988,581.880005,587.919983,545.765747,137116.0
2013-09-26,587.919983,593.559998,577.280029,587.119995,545.02301,105512.0
2013-09-27,584.799988,593.559998,582.640015,587.880005,545.728577,66656.0
2013-09-30,581.280029,583.359985,566.159973,573.719971,532.583801,17600.0
2013-10-01,574.359985,574.359985,551.200012,557.119995,517.174133,150008.0
2013-10-03,557.119995,569.599976,557.119995,566.960022,526.308533,71889.0
2013-10-04,571.599976,573.599976,561.640015,566.23999,525.640198,6316.0
2013-10-07,579.960022,579.960022,547.200012,560.400024,520.218933,9884.0
2013-10-08,560.599976,566.320007,558.440002,560.76001,520.553101,12782.0
2013-10-09,571.159973,571.159973,556.400024,564.080017,523.635071,871285.0
2013-10-10,564.039978,576.0,564.039978,571.0,530.05896,29851.0
2013-10-11,571.0,578.359985,564.0,574.280029,533.10376,32320.0
2013-10-14,573.599976,602.080017,573.559998,585.919983,543.909058,44795.0
2013-10-15,588.799988,588.799988,564.0,576.52002,535.183044,13565.0
2013-10-17,576.52002,583.599976,568.0,572.76001,531.692688,227159.0
2013-10-18,570.400024,616.0,566.47998,599.159973,556.199768,72456.0
2013-10-21,586.47998,607.200012,586.47998,598.039978,555.160156,8542.0
2013-10-22,587.23999,604.799988,587.23999,599.599976,556.608276,65952.0
2013-10-23,607.080017,619.559998,600.0,609.47998,565.779846,19085.0
2013-10-24,600.840027,616.0,600.840027,613.880005,569.86438,18611.0
2013-10-25,613.840027,617.440002,602.440002,607.960022,564.368896,18672.0
2013-10-28,602.440002,610.76001,594.960022,600.799988,557.72229,56336.0
2013-10-29,591.0,623.559998,581.640015,608.880005,565.222839,31984.0
2013-10-30,608.0,617.599976,602.799988,604.880005,561.509644,43619.0
2013-10-31,612.0,612.0,600.0,605.559998,562.14093,13842.0
2013-11-01,600.080017,614.039978,592.0,608.880005,565.222839,82161.0
2013-11-05,608.880005,630.719971,608.880005,621.23999,576.696594,17356.0
2013-11-06,623.960022,633.599976,614.640015,620.23999,575.768311,67625.0
2013-11-07,616.0,622.400024,604.039978,607.159973,563.626099,4201.0
2013-11-08,607.960022,608.0,593.679993,603.159973,559.912964,9852.0
2013-11-11,596.119995,603.960022,590.52002,593.359985,550.815613,1915.0
2013-11-12,602.799988,602.799988,575.400024,579.76001,538.190857,3561.0
2013-11-13,590.400024,595.359985,570.440002,576.400024,535.071716,42110.0
2013-11-14,590.359985,590.359985,576.0,583.440002,541.606934,14639.0
2013-11-18,583.440002,588.0,573.599976,582.840027,541.049988,73285.0
2013-11-19,583.159973,600.0,577.599976,580.679993,539.044739,3071.0
2013-11-20,588.0,591.200012,578.400024,580.119995,538.524963,3321.0
2013-11-21,598.400024,598.400024,571.200012,575.599976,534.329041,5400.0
2013-11-22,572.080017,584.0,572.080017,579.280029,537.745239,1504.0
2013-11-25,577.799988,583.960022,576.799988,577.719971,536.297058,2700.0
2013-11-26,585.559998,588.0,577.039978,578.799988,537.299683,2301.0
2013-11-27,583.919983,588.0,568.119995,575.559998,534.291931,5562.0
2013-11-28,574.47998,580.0,567.400024,570.840027,529.910339,3745.0
2013-11-29,574.440002,590.280029,574.440002,581.960022,540.233093,6019.0
2013-12-02,580.039978,588.359985,569.599976,578.359985,536.891174,72305.0
2013-12-03,584.840027,584.840027,571.52002,575.52002,534.254822,3078.0
2013-12-04,576.0,584.0,572.799988,574.159973,532.99231,2819.0
2013-12-05,578.76001,587.559998,573.159973,574.52002,533.326538,2440.0
2013-12-06,574.400024,579.960022,573.799988,577.0,535.628601,2435.0
2013-12-09,587.200012,595.840027,581.719971,583.200012,541.384216,35989.0
2013-12-10,584.0,592.039978,580.0,582.320007,540.5672,3335.0
2013-12-11,581.880005,586.359985,577.599976,578.880005,537.373962,3238.0
2013-12-12,577.159973,581.640015,575.960022,576.359985,535.034546,14535.0
2013-12-13,577.52002,587.76001,571.200012,577.799988,536.371216,38336.0
2013-12-16,590.400024,590.400024,575.200012,577.320007,535.92572,6108.0
2013-12-17,590.359985,590.359985,558.960022,566.080017,525.491638,13484.0
2013-12-18,573.52002,573.52002,560.799988,565.080017,524.563354,9754.0
2013-12-19,568.799988,568.799988,558.440002,560.0,519.847534,7446.0
2013-12-20,565.599976,566.76001,558.47998,560.119995,519.959045,16179.0
2013-12-23,560.47998,579.200012,560.47998,576.080017,534.774658,19412.0
2013-12-24,576.0,585.52002,564.799988,568.320007,527.571045,6295.0
2013-12-26,568.320007,583.919983,568.320007,572.640015,531.58136,5959.0
2013-12-27,575.159973,579.200012,561.599976,568.080017,527.348389,7355.0
2013-12-30,569.599976,575.960022,560.080017,562.200012,521.889893,26365.0
2013-12-31,558.039978,597.599976,558.039978,583.960022,542.089661,33876.0
2014-01-01,590.359985,591.200012,573.0,579.200012,537.670898,7248.0
2014-01-02,576.039978,585.320007,574.47998,582.119995,540.381592,38352.0
2014-01-03,587.159973,600.799988,569.960022,591.280029,548.884827,5214.0
2014-01-06,578.640015,603.960022,578.640015,591.52002,549.107605,14288.0
2014-01-07,585.679993,595.960022,585.679993,590.440002,548.10498,15562.0
2014-01-08,591.960022,616.799988,585.0,604.080017,560.766968,144476.0
2014-01-09,604.23999,615.919983,596.0,601.76001,558.613464,43781.0
2014-01-10,603.960022,614.400024,586.440002,595.440002,552.746521,43678.0
2014-01-13,602.320007,607.200012,577.280029,596.719971,553.934814,14770.0
2014-01-14,599.840027,602.400024,588.799988,590.359985,548.030823,2911.0
2014-01-15,588.039978,600.0,580.960022,585.320007,543.352112,10865.0
2014-01-16,598.400024,598.400024,584.039978,588.960022,546.731201,6521.0
2014-01-17,584.119995,590.400024,568.799988,574.119995,532.955139,6026.0
2014-01-20,572.039978,587.159973,568.400024,580.52002,538.896301,5496.0
2014-01-21,582.400024,587.960022,576.76001,584.159973,542.275269,24389.0
2014-01-22,584.960022,586.400024,576.919983,578.280029,536.816895,3285.0
2014-01-23,578.799988,588.799988,577.159973,585.599976,543.612,12636.0
2014-01-24,582.76001,587.200012,580.0,585.080017,543.129395,4615.0
2014-01-27,578.039978,587.200012,573.23999,585.640015,543.649109,11415.0
2014-01-28,585.640015,588.0,581.200012,585.119995,543.166504,1978.0
2014-01-29,576.0,588.0,576.0,586.640015,544.577515,45835.0
2014-01-30,579.679993,587.200012,578.400024,583.200012,541.384216,5646.0
2014-01-31,592.0,592.0,580.47998,587.799988,545.654297,5142.0
2014-02-03,599.919983,599.919983,580.0,581.280029,539.601868,3030.0
2014-02-04,581.280029,583.960022,572.159973,582.23999,540.493042,14629.0
2014-02-05,586.400024,592.0,579.23999,580.47998,538.859192,6372.0
2014-02-06,580.840027,587.200012,576.0,580.200012,538.599304,2724.0
2014-02-07,597.599976,597.599976,578.559998,581.919983,540.195923,1644.0
2014-02-10,584.0,588.0,580.359985,582.400024,540.641541,1286.0
2014-02-11,592.0,592.0,572.559998,578.559998,537.076782,1782.0
2014-02-12,587.119995,589.599976,572.200012,574.119995,532.955139,10215.0
2014-02-13,573.719971,582.400024,565.039978,567.280029,533.10553,2635.0
2014-02-14,568.599976,584.799988,568.0,573.280029,538.744141,2796.0
2014-02-17,564.440002,579.200012,564.440002,574.960022,540.322998,2632.0
2014-02-18,576.0,587.200012,572.840027,575.76001,541.074768,2084.0
2014-02-19,570.0,583.919983,570.0,579.840027,544.908875,1452.0
2014-02-20,584.0,584.0,574.400024,576.0,541.300293,18636.0
2014-02-21,581.76001,600.799988,576.880005,597.47998,561.486206,24731.0
2014-02-24,596.640015,611.200012,589.799988,604.039978,567.651062,47968.0
2014-02-25,604.0,612.0,600.0,604.23999,567.838989,48502.0
2014-02-26,603.23999,613.52002,601.599976,608.679993,572.011475,34021.0
2014-02-28,608.679993,616.0,604.039978,611.119995,574.304504,15855.0
2014-03-03,616.0,631.200012,611.200012,624.159973,586.558899,17106.0
2014-03-04,631.159973,641.599976,620.039978,635.200012,596.933838,118951.0
2014-03-05,641.599976,658.400024,633.559998,642.47998,603.775269,52114.0
2014-03-06,639.23999,680.799988,639.23999,677.119995,636.328369,52086.0
2014-03-07,680.039978,686.799988,668.159973,679.599976,638.659119,43418.0
2014-03-10,667.200012,684.719971,667.200012,680.080017,639.110168,76534.0
2014-03-11,676.799988,691.119995,676.0,678.880005,637.982483,27370.0
2014-03-12,668.799988,695.960022,661.599976,665.840027,625.728027,302582.0
2014-03-13,665.840027,683.960022,653.320007,657.559998,617.946899,21909.0
2014-03-14,664.0,675.52002,642.76001,652.200012,612.909729,136355.0
2014-03-18,652.200012,670.359985,649.0,662.320007,622.420044,219631.0
2014-03-19,656.0,676.0,652.0,655.76001,616.255249,23702.0
2014-03-20,661.599976,670.400024,659.880005,665.640015,625.5401,25074.0
2014-03-21,666.400024,692.0,662.400024,667.0,626.818054,66221.0
2014-03-24,679.200012,720.0,669.599976,701.400024,659.145813,41754.0
2014-03-25,703.159973,748.0,702.200012,735.159973,690.871948,51484.0
2014-03-26,736.039978,789.599976,736.0,762.719971,716.771729,176936.0
2014-03-27,764.039978,776.0,747.200012,756.119995,710.569214,41674.0
2014-03-28,760.0,784.0,749.0,776.080017,729.326904,32750.0
2014-03-31,780.200012,791.200012,768.200012,776.359985,729.590027,126808.0
2014-04-01,790.640015,790.640015,746.440002,755.200012,709.704651,91179.0
2014-04-02,765.599976,771.880005,726.400024,755.799988,710.268616,118129.0
2014-04-03,756.0,763.719971,742.47998,745.320007,700.419983,32649.0
2014-04-04,732.0,743.960022,690.880005,727.840027,683.993103,1691100.0
2014-04-07,729.640015,754.960022,704.200012,722.440002,678.918396,179130.0
2014-04-09,722.440002,736.0,716.0,732.880005,688.72937,162529.0
2014-04-10,732.880005,756.0,728.880005,747.960022,702.900879,178992.0
2014-04-11,747.960022,753.599976,737.0,741.679993,696.999207,143584.0
2014-04-15,741.679993,752.0,704.799988,729.200012,685.271057,141472.0
2014-04-16,725.200012,740.400024,720.799988,729.23999,685.308655,171425.0
2014-04-17,729.280029,747.960022,728.0,741.52002,696.848938,140500.0
2014-04-21,741.52002,756.0,729.280029,746.080017,701.134033,244906.0
2014-04-22,747.159973,773.559998,740.799988,751.559998,706.283936,200852.0
2014-04-23,754.400024,774.640015,748.200012,768.039978,721.771179,302516.0
2014-04-24,768.039978,768.039978,768.039978,768.039978,721.771179,0.0
2014-04-25,770.400024,835.52002,756.039978,820.400024,770.976929,195535.0
2014-04-28,829.320007,845.599976,788.0,793.320007,745.52832,117440.0
2014-04-29,794.400024,823.200012,791.280029,794.640015,746.768738,109479.0
2014-04-30,805.679993,807.039978,746.159973,769.400024,723.049255,118248.0
2014-05-02,769.400024,784.0,753.679993,769.320007,722.97406,56511.0
2014-05-05,762.440002,804.0,756.080017,777.47998,730.642517,104156.0
2014-05-06,781.559998,798.320007,773.080017,779.799988,732.822754,93422.0
2014-05-07,780.799988,792.0,770.640015,782.200012,735.078186,39594.0
2014-05-08,795.559998,799.200012,778.440002,795.719971,747.783691,32981.0
2014-05-09,799.159973,832.0,792.0,817.119995,767.894531,171580.0
2014-05-12,804.0,857.599976,804.0,826.919983,777.104065,86992.0
2014-05-13,824.880005,867.119995,824.880005,842.47998,791.726807,126164.0
2014-05-14,840.0,869.599976,826.400024,853.840027,802.402405,137200.0
2014-05-15,851.440002,869.359985,836.799988,849.320007,798.154602,66436.0
2014-05-16,856.799988,912.0,800.880005,862.799988,810.822571,330795.0
2014-05-19,856.0,950.400024,856.0,939.960022,883.334351,1326891.0
2014-05-20,955.599976,996.0,928.039978,935.840027,879.462585,202475.0
2014-05-21,938.799988,968.0,924.0,928.320007,872.395508,145725.0
2014-05-22,932.359985,989.559998,924.559998,955.440002,897.881714,265325.0
2014-05-23,967.960022,974.559998,945.599976,959.080017,901.302429,120744.0
2014-05-26,965.599976,970.559998,924.0,936.47998,880.063965,417729.0
2014-05-27,936.840027,941.52002,904.799988,926.200012,870.403259,127934.0
2014-05-28,928.0,960.0,900.0,906.359985,851.758484,44415.0
2014-05-29,900.039978,931.119995,895.52002,907.47998,852.810913,57689.0
2014-05-30,901.840027,940.0,881.599976,894.039978,840.180603,56784.0
2014-06-02,890.280029,947.200012,890.280029,923.119995,867.508728,123739.0
2014-06-03,924.799988,955.200012,924.799988,935.320007,878.973877,260421.0
2014-06-04,936.119995,945.599976,916.0,924.039978,868.373352,26952.0
2014-06-05,924.0,960.0,924.0,951.799988,894.460999,130692.0
2014-06-06,963.159973,963.159973,936.039978,947.880005,890.777161,83741.0
2014-06-09,959.200012,964.039978,948.840027,952.960022,895.551208,255156.0
2014-06-10,956.0,958.400024,912.880005,930.880005,874.801208,253559.0
2014-06-11,944.0,976.0,928.0,939.599976,882.995911,345996.0
2014-06-12,947.719971,966.400024,928.0,936.119995,879.725586,288574.0
2014-06-13,940.200012,955.200012,904.799988,925.960022,870.177673,1111166.0
2014-06-16,936.0,936.0,914.0,924.919983,869.200317,118845.0
2014-06-17,925.599976,940.799988,921.679993,932.599976,876.417603,85281.0
2014-06-18,928.039978,955.200012,928.039978,944.440002,887.544434,99898.0
2014-06-19,955.960022,955.960022,930.080017,936.0,879.612854,143372.0
2014-06-20,950.400024,951.52002,921.599976,926.039978,870.252808,52036.0
2014-06-23,943.200012,950.159973,932.159973,940.799988,884.123596,35498.0
2014-06-24,948.0,959.200012,932.0,935.47998,879.124207,67351.0
2014-06-25,939.23999,946.799988,930.400024,939.320007,882.732788,72100.0
2014-06-26,943.200012,943.200012,921.840027,930.880005,874.801208,53678.0
2014-06-27,932.559998,935.840027,925.599976,929.599976,873.598389,33361.0
2014-06-30,931.919983,958.0,930.400024,951.23999,893.934753,72850.0
2014-07-01,959.880005,1034.0,959.799988,999.719971,939.49408,378334.0
2014-07-02,1008.799988,1040.0,1008.0,1032.199951,970.017456,98986.0
2014-07-03,1036.0,1054.0,1001.599976,1023.47998,961.822876,108728.0
2014-07-04,1024.880005,1038.400024,1006.559998,1016.52002,955.282227,72636.0
2014-07-07,1022.400024,1088.0,1022.359985,1075.040039,1010.276672,274965.0
2014-07-08,1100.0,1128.0,984.039978,1012.719971,951.71106,1362449.0
2014-07-09,993.599976,1020.0,960.0,1008.880005,948.102356,159631.0
2014-07-10,1009.799988,1079.920044,980.0,1041.76001,979.001587,183121.0
2014-07-11,1042.800049,1071.920044,970.320007,1002.640015,942.238281,91244.0
2014-07-14,1012.0,1012.0,972.0,992.799988,932.991089,41030.0
2014-07-15,1001.52002,1037.439941,970.960022,1010.119995,949.267639,111375.0
2014-07-16,1013.640015,1056.0,1009.679993,1040.76001,978.06189,103505.0
2014-07-17,1032.839966,1063.119995,1016.0,1052.199951,988.812622,81945.0
2014-07-18,1036.040039,1056.0,1024.0,1041.959961,979.189514,111331.0
2014-07-21,1063.839966,1087.959961,1042.680054,1051.47998,988.136047,75755.0
2014-07-22,1044.920044,1078.959961,1029.76001,1059.400024,995.579041,48655.0
2014-07-23,1059.199951,1065.47998,1044.040039,1046.560059,983.512451,20740.0
2014-07-24,1064.0,1080.0,1057.280029,1063.119995,999.074829,60630.0
2014-07-25,1063.199951,1066.76001,1044.800049,1052.0,988.624756,19218.0
2014-07-28,1044.800049,1047.680054,1006.400024,1011.840027,950.884155,32940.0
2014-07-30,1011.840027,1064.0,1000.039978,1047.920044,984.790588,58080.0
2014-07-31,1036.040039,1067.199951,1036.040039,1044.959961,982.008667,95456.0
2014-08-01,1034.560059,1055.319946,1004.799988,1011.880005,950.921753,47812.0
2014-08-04,1009.599976,1036.0,1008.0,1016.719971,955.470093,77105.0
2014-08-05,1012.960022,1035.199951,1012.960022,1023.880005,962.198669,67096.0
2014-08-06,1016.52002,1055.800049,1016.52002,1040.719971,978.024231,83601.0
2014-08-07,1045.599976,1064.0,1032.160034,1039.839966,977.197144,54485.0
2014-08-08,1032.0,1046.23999,1016.919983,1036.119995,973.701416,66456.0
2014-08-11,1034.0,1052.0,1034.0,1041.560059,978.813599,12978.0
2014-08-12,1040.0,1055.959961,1040.0,1043.920044,981.031494,10628.0
2014-08-13,1024.800049,1048.0,1024.800049,1037.439941,974.941711,233050.0
2014-08-14,1029.640015,1043.400024,1024.880005,1031.560059,969.416077,60969.0
2014-08-18,1031.560059,1045.119995,1028.040039,1044.079956,981.181763,33401.0
2014-08-19,1037.599976,1052.0,1037.040039,1043.680054,980.805847,52526.0
2014-08-20,1033.599976,1054.199951,1033.599976,1043.199951,980.354858,50690.0
2014-08-21,1036.959961,1089.599976,1034.400024,1063.920044,999.826538,100161.0
2014-08-22,1066.560059,1104.0,1066.560059,1084.319946,1018.997498,44580.0
2014-08-25,1088.040039,1098.439941,1060.280029,1066.040039,1001.818909,23992.0
2014-08-26,1066.040039,1078.400024,1060.0,1067.439941,1003.134583,8199.0
2014-08-27,1070.400024,1072.0,1054.199951,1061.160034,1002.209106,24651.0
2014-08-28,1080.0,1126.319946,1049.839966,1056.52002,997.826721,93774.0
2014-09-01,1056.52002,1072.0,1053.599976,1060.560059,1001.642273,51730.0
2014-09-02,1064.0,1080.52002,1054.47998,1066.560059,1007.30896,52068.0
2014-09-03,1066.47998,1073.680054,1042.47998,1064.800049,1005.646729,40104.0
2014-09-04,1059.199951,1068.800049,1022.400024,1029.52002,972.32666,48765.0
2014-09-05,1027.199951,1032.76001,1006.400024,1009.880005,953.77771,68002.0
2014-09-08,1022.159973,1043.199951,1009.919983,1037.839966,980.184448,47204.0
2014-09-09,1032.040039,1044.76001,1028.0,1035.160034,977.65332,29455.0
2014-09-10,1024.839966,1038.400024,1022.320007,1028.47998,971.344482,33994.0
2014-09-11,1028.839966,1040.76001,1026.160034,1028.76001,971.608826,54342.0
2014-09-12,1038.359985,1055.920044,1024.800049,1032.0,974.668945,129650.0
2014-09-15,1033.560059,1035.119995,1004.0,1012.280029,956.044373,44121.0
2014-09-16,1016.0,1036.0,980.0,1001.47998,945.844299,50321.0
2014-09-17,1002.440002,1016.0,993.23999,1012.359985,956.119934,70394.0
2014-09-18,1019.159973,1048.0,1006.47998,1028.599976,971.457764,310665.0
2014-09-19,1028.839966,1079.199951,1020.840027,1064.23999,1005.117859,1118176.0
2014-09-22,1068.76001,1112.0,1063.23999,1099.76001,1038.664673,223048.0
2014-09-23,1099.76001,1132.0,1047.0,1055.560059,996.920166,149884.0
2014-09-24,1055.199951,1090.0,1050.599976,1083.76001,1023.553528,73334.0
2014-09-25,1080.0,1087.199951,1044.040039,1061.880005,1002.889038,52492.0
2014-09-26,1059.199951,1083.959961,1034.079956,1066.560059,1007.30896,44311.0
2014-09-29,1070.400024,1088.0,1068.119995,1081.640015,1021.551147,23710.0
2014-09-30,1082.359985,1151.160034,1073.959961,1083.040039,1022.873535,97706.0
2014-10-01,1083.920044,1098.400024,1073.640015,1082.439941,1022.306763,26926.0
2014-10-07,1082.439941,1091.880005,1044.800049,1047.47998,989.288879,26290.0
2014-10-08,1040.0,1063.599976,1017.599976,1053.920044,995.371094,45861.0
2014-10-09,1057.599976,1078.400024,1056.800049,1067.160034,1007.875671,24946.0
2014-10-10,1060.040039,1063.199951,1037.640015,1041.199951,983.357849,34575.0
2014-10-13,1037.280029,1067.160034,1036.0,1063.959961,1004.853333,50375.0
2014-10-14,1060.0,1078.400024,1055.199951,1062.319946,1003.304382,28594.0
2014-10-15,1062.319946,1062.319946,1062.319946,1062.319946,1003.304382,0.0
2014-10-16,1058.400024,1066.560059,1018.400024,1035.079956,977.577698,61602.0
2014-10-17,1038.400024,1055.959961,1033.599976,1043.359985,985.397888,60912.0
2014-10-20,1045.599976,1104.0,1041.040039,1045.079956,987.022278,345595.0
2014-10-21,1051.23999,1058.23999,1044.0,1046.680054,988.533447,29749.0
2014-10-22,1050.400024,1067.160034,1049.640015,1055.680054,997.033447,99759.0
2014-10-27,1055.680054,1076.800049,1054.0,1073.040039,1013.428894,43372.0
2014-10-28,1073.599976,1109.599976,1073.599976,1103.119995,1041.837891,92372.0
2014-10-29,1106.23999,1117.599976,1090.079956,1101.52002,1040.327026,47689.0
2014-10-30,1080.0,1099.839966,1044.199951,1059.400024,1000.546814,163072.0
2014-10-31,1071.920044,1096.0,1064.040039,1081.439941,1021.362366,219042.0
2014-11-03,1084.680054,1096.0,1072.0,1085.359985,1025.064453,37136.0
2014-11-05,1085.359985,1092.0,1068.079956,1075.599976,1015.846924,16619.0
2014-11-07,1075.599976,1075.599976,1056.23999,1063.76001,1004.66449,115988.0
2014-11-10,1068.400024,1079.52002,1053.079956,1065.560059,1006.364746,19028.0
2014-11-11,1060.0,1080.800049,1060.0,1071.959961,1012.408997,41750.0
2014-11-12,1068.560059,1076.800049,1056.199951,1063.47998,1004.399963,29021.0
2014-11-13,1067.160034,1078.880005,1044.800049,1047.640015,989.440125,17446.0
2014-11-14,1047.23999,1091.199951,1047.23999,1074.400024,1014.713501,33298.0
2014-11-17,1074.400024,1091.040039,1065.47998,1084.160034,1023.931091,159861.0
2014-11-18,1088.800049,1183.920044,1085.560059,1137.47998,1074.289063,447899.0
2014-11-19,1140.0,1203.76001,1136.040039,1187.959961,1121.964722,385109.0
2014-11-20,1185.800049,1192.76001,1145.199951,1151.719971,1087.737915,124378.0
2014-11-21,1152.400024,1164.76001,1122.439941,1152.040039,1088.040405,108881.0
2014-11-24,1158.400024,1195.199951,1148.0,1178.839966,1113.35144,91498.0
2014-11-25,1182.400024,1184.0,1131.439941,1159.160034,1094.764771,199962.0
2014-11-26,1159.47998,1171.199951,1140.0,1154.599976,1090.457886,351902.0
2014-11-27,1147.199951,1184.0,1147.199951,1168.880005,1103.944824,46986.0
2014-11-28,1160.0,1160.0,1072.959961,1077.839966,1017.962341,596852.0
2014-12-01,1090.400024,1092.040039,1032.119995,1052.119995,993.671143,292312.0
2014-12-02,1055.959961,1076.119995,1041.599976,1059.599976,1000.735596,123570.0
2014-12-03,1064.0,1086.400024,1056.839966,1075.800049,1016.035828,117736.0
2014-12-04,1079.199951,1100.0,1056.839966,1083.839966,1023.628906,71341.0
2014-12-05,1088.76001,1099.040039,1064.0,1074.23999,1014.562317,82296.0
2014-12-08,1067.199951,1079.119995,1060.0,1066.319946,1007.082275,59348.0
2014-12-09,1056.0,1076.800049,1055.640015,1070.079956,1010.633362,109279.0
2014-12-10,1063.23999,1079.040039,1044.800049,1070.119995,1010.671265,99572.0
2014-12-11,1063.199951,1071.199951,1040.800049,1054.839966,996.240112,66046.0
2014-12-12,1048.319946,1064.0,1036.079956,1039.719971,981.959961,88372.0
2014-12-15,1032.800049,1055.199951,1024.079956,1034.640015,977.162292,61290.0
2014-12-16,1029.319946,1032.719971,996.159973,1005.400024,949.546692,191771.0
2014-12-17,1000.719971,1032.0,960.080017,1016.76001,960.275574,215004.0
2014-12-18,1026.23999,1070.400024,1026.23999,1064.079956,1004.966736,171180.0
2014-12-19,1071.199951,1077.640015,1060.52002,1070.439941,1010.973572,50194.0
2014-12-22,1072.719971,1080.0,1047.199951,1064.599976,1005.457825,47644.0
2014-12-23,1065.439941,1080.0,1037.599976,1040.0,982.224609,44600.0
2014-12-24,1037.599976,1064.0,1037.599976,1052.160034,993.709045,66191.0
2014-12-26,1052.160034,1063.959961,1045.599976,1052.160034,993.709045,8798.0
2014-12-29,1045.599976,1080.0,1045.599976,1062.640015,1003.606812,29366.0
2014-12-30,1080.800049,1088.0,1064.199951,1076.47998,1016.677979,50838.0
2014-12-31,1087.199951,1104.0,1062.040039,1082.400024,1022.268982,94478.0
2015-01-01,1077.319946,1100.040039,1076.0,1086.319946,1025.971313,37525.0
2015-01-02,1091.959961,1112.0,1080.0,1086.079956,1025.744507,70121.0
2015-01-05,1088.839966,1115.199951,1088.0,1102.400024,1041.157837,86901.0
2015-01-06,1102.319946,1123.959961,1072.079956,1079.359985,1019.397705,121255.0
2015-01-07,1076.0,1097.599976,1072.0,1084.359985,1024.120239,15390.0
2015-01-08,1091.199951,1100.0,1072.800049,1078.280029,1018.377991,38212.0
2015-01-09,1080.0,1099.199951,1080.0,1092.599976,1031.902466,43890.0
2015-01-12,1084.800049,1096.0,1075.359985,1081.839966,1021.740112,80001.0
2015-01-13,1081.719971,1092.0,1080.800049,1085.959961,1025.631226,14244.0
2015-01-14,1102.400024,1119.920044,1088.800049,1094.280029,1033.489136,48632.0
2015-01-15,1094.52002,1112.0,1094.52002,1105.040039,1043.651367,34006.0
2015-01-16,1110.359985,1112.0,1093.599976,1096.52002,1035.604736,150242.0
2015-01-19,1111.839966,1123.839966,1100.0,1104.839966,1043.462402,54499.0
2015-01-20,1124.040039,1124.040039,1100.0,1110.47998,1048.789063,33636.0
2015-01-21,1114.400024,1140.0,1107.599976,1116.119995,1054.115601,80581.0
2015-01-22,1120.0,1159.160034,1117.640015,1153.719971,1089.626953,137310.0
2015-01-23,1159.160034,1160.0,1132.0,1139.560059,1076.253784,38912.0
2015-01-27,1139.560059,1159.599976,1132.839966,1141.079956,1077.688965,35188.0
2015-01-28,1141.640015,1152.0,1137.560059,1144.400024,1080.824585,30305.0
2015-01-29,1151.959961,1153.599976,1104.0,1112.76001,1050.942261,43758.0
2015-01-30,1116.800049,1141.23999,1104.040039,1118.800049,1056.647095,641285.0
2015-02-02,1120.0,1131.160034,1111.439941,1117.959961,1055.853516,171221.0
2015-02-03,1121.599976,1127.959961,1097.400024,1116.079956,1054.077881,120758.0
2015-02-04,1118.439941,1124.0,1105.839966,1112.719971,1050.904541,12649.0
2015-02-05,1112.0,1122.359985,1088.839966,1095.560059,1034.697876,148566.0
2015-02-06,1094.359985,1111.199951,1074.400024,1089.23999,1028.728882,439201.0
2015-02-09,1092.439941,1092.439941,1056.040039,1078.439941,1018.529053,15805.0
2015-02-10,1076.0,1138.400024,1072.880005,1122.199951,1059.858032,59070.0
2015-02-11,1118.439941,1136.0,1104.800049,1128.920044,1066.204712,53200.0
2015-02-12,1162.400024,1176.0,1140.0,1150.719971,1086.793457,113849.0
2015-02-13,1155.959961,1172.0,1121.800049,1130.0,1067.224609,398825.0
2015-02-16,1133.640015,1150.160034,1122.400024,1128.47998,1065.789063,112620.0
2015-02-18,1128.47998,1136.0,1110.400024,1130.920044,1068.093506,65411.0
2015-02-19,1132.599976,1200.0,1128.040039,1160.439941,1095.973633,185194.0
2015-02-20,1164.0,1303.839966,1163.959961,1261.0,1190.947144,764122.0
2015-02-23,1267.199951,1320.0,1248.800049,1282.800049,1211.536255,401219.0
2015-02-24,1280.0,1287.040039,1200.0,1261.640015,1199.029175,234891.0
2015-02-25,1257.599976,1298.959961,1244.76001,1259.959961,1197.432495,165931.0
2015-02-26,1264.0,1293.52002,1201.599976,1214.280029,1154.019531,470522.0
2015-02-27,1214.400024,1260.0,1206.439941,1243.76001,1182.036377,157128.0
2015-03-02,1232.800049,1239.959961,1216.959961,1232.76001,1171.582397,60172.0
2015-03-03,1212.800049,1243.199951,1212.800049,1218.719971,1158.239014,53584.0
2015-03-04,1224.0,1233.880005,1180.199951,1188.719971,1129.728149,94292.0
2015-03-05,1192.800049,1198.800049,1156.800049,1185.719971,1126.876831,38265.0
2015-03-09,1185.719971,1322.119995,1185.719971,1283.119995,1219.443115,1083121.0
2015-03-10,1291.119995,1388.0,1288.800049,1341.52002,1274.945068,744626.0
2015-03-11,1342.400024,1380.0,1313.76001,1331.800049,1265.707397,1064456.0
2015-03-12,1336.0,1336.0,1306.160034,1308.920044,1243.963013,573031.0
2015-03-13,1309.599976,1350.079956,1308.560059,1330.959961,1264.909058,896830.0
2015-03-16,1326.400024,1347.119995,1318.400024,1333.23999,1267.075928,1467791.0
2015-03-17,1335.959961,1360.0,1321.599976,1339.359985,1272.892334,1031704.0
2015-03-18,1343.959961,1419.199951,1330.400024,1341.040039,1274.488892,425999.0
2015-03-19,1351.959961,1353.400024,1284.719971,1289.680054,1225.677856,444350.0
2015-03-20,1291.920044,1307.800049,1241.800049,1289.560059,1225.563843,596569.0
2015-03-23,1282.920044,1283.959961,1248.160034,1253.640015,1191.42627,182438.0
2015-03-24,1253.599976,1267.800049,1228.0,1249.640015,1187.624634,265596.0
2015-03-25,1256.0,1284.52002,1230.47998,1274.52002,1211.27002,271969.0
2015-03-26,1275.199951,1297.599976,1221.319946,1247.52002,1185.609863,203212.0
2015-03-27,1260.0,1268.47998,1240.0,1246.359985,1184.507446,95226.0
2015-03-30,1240.0,1251.160034,1217.599976,1239.079956,1177.588745,222358.0
2015-03-31,1244.719971,1280.0,1232.0,1267.119995,1204.237183,269939.0
2015-04-01,1265.880005,1301.839966,1248.800049,1266.280029,1203.438965,227850.0
2015-04-06,1266.280029,1308.0,1256.23999,1288.160034,1224.233154,99138.0
2015-04-07,1287.959961,1320.0,1287.959961,1313.319946,1248.144409,111852.0
2015-04-08,1319.959961,1352.0,1297.76001,1340.920044,1274.375,121089.0
2015-04-09,1343.959961,1372.0,1343.959961,1355.560059,1288.288452,136331.0
2015-04-10,1350.959961,1364.0,1324.23999,1335.560059,1269.280884,145395.0
2015-04-13,1337.640015,1366.400024,1332.800049,1339.040039,1272.588135,99121.0
2015-04-15,1339.040039,1385.599976,1337.400024,1344.160034,1277.454102,149881.0
2015-04-16,1344.199951,1375.599976,1316.040039,1335.119995,1268.862671,410724.0
2015-04-17,1347.199951,1356.0,1328.079956,1344.680054,1277.948242,95288.0
2015-04-20,1348.040039,1355.199951,1272.0,1288.47998,1224.537354,232470.0
2015-04-21,1291.199951,1323.76001,1287.199951,1310.319946,1245.293335,132932.0
2015-04-22,1315.959961,1318.52002,1280.880005,1291.920044,1227.806519,256754.0
2015-04-23,1298.400024,1327.959961,1273.640015,1285.47998,1221.686157,243666.0
2015-04-24,1292.0,1299.880005,1216.0,1244.959961,1183.17688,985350.0
2015-04-27,1259.199951,1312.0,1259.199951,1284.400024,1220.65979,325526.0
2015-04-28,1278.400024,1339.560059,1278.400024,1323.880005,1258.180298,240886.0
2015-04-29,1323.199951,1335.959961,1290.199951,1313.680054,1248.486694,160964.0
2015-04-30,1315.079956,1328.0,1288.800049,1312.599976,1247.460205,137138.0
2015-05-04,1312.599976,1388.0,1296.599976,1372.400024,1304.292603,142434.0
2015-05-05,1366.400024,1495.199951,1366.400024,1418.47998,1348.085938,318106.0
2015-05-06,1412.0,1419.199951,1372.560059,1383.119995,1314.480713,192996.0
2015-05-07,1382.400024,1385.599976,1344.839966,1352.119995,1285.018921,125570.0
2015-05-08,1375.920044,1396.680054,1345.599976,1352.359985,1285.246948,210202.0
2015-05-11,1352.880005,1371.599976,1352.880005,1364.23999,1296.537598,62849.0
2015-05-12,1371.920044,1371.920044,1345.800049,1359.719971,1292.241699,147430.0
2015-05-13,1400.920044,1459.959961,1400.920044,1430.47998,1359.490356,1333796.0
2015-05-14,1430.47998,1487.199951,1408.800049,1428.119995,1357.247437,730162.0
2015-05-15,1426.599976,1428.680054,1404.800049,1413.400024,1343.257935,361306.0
2015-05-18,1424.0,1432.040039,1392.800049,1399.280029,1329.838745,244774.0
2015-05-19,1399.119995,1409.920044,1388.920044,1398.040039,1328.660156,139271.0
2015-05-20,1416.880005,1455.319946,1406.439941,1411.280029,1341.243042,346714.0
2015-05-21,1411.280029,1428.079956,1389.599976,1392.319946,1323.224121,263812.0
2015-05-22,1395.959961,1417.52002,1384.0,1392.280029,1323.186035,346000.0
2015-05-25,1380.439941,1400.52002,1380.439941,1387.920044,1319.042358,567619.0
2015-05-26,1407.199951,1452.0,1394.400024,1400.0,1330.522949,1008358.0
2015-05-27,1400.0,1420.119995,1377.599976,1389.319946,1320.372803,553341.0
2015-05-28,1386.599976,1395.280029,1318.800049,1350.52002,1283.498413,595195.0
2015-05-29,1381.599976,1495.199951,1334.199951,1460.800049,1388.305664,8059781.0
2015-06-01,1424.400024,1558.160034,1373.47998,1419.920044,1349.454468,1050776.0
2015-06-02,1424.0,1448.0,1372.0,1383.880005,1315.203003,253565.0
2015-06-03,1376.880005,1391.719971,1364.800049,1368.800049,1300.871338,104324.0
2015-06-04,1372.800049,1439.199951,1369.719971,1397.23999,1327.899658,164751.0
2015-06-05,1384.800049,1393.199951,1370.0,1383.880005,1315.203003,151648.0
2015-06-08,1376.839966,1385.359985,1353.040039,1363.959961,1296.27124,67551.0
2015-06-09,1357.119995,1388.0,1336.0,1360.319946,1292.81189,94079.0
2015-06-10,1371.119995,1372.0,1345.800049,1359.920044,1292.432007,232954.0
2015-06-11,1368.040039,1375.839966,1328.0,1346.319946,1279.506836,168708.0
2015-06-12,1347.599976,1427.199951,1328.400024,1396.119995,1326.835449,117925.0
2015-06-15,1400.800049,1404.880005,1376.439941,1384.47998,1315.773315,63506.0
2015-06-16,1384.040039,1389.920044,1339.160034,1350.23999,1283.2323,153131.0
2015-06-17,1364.280029,1375.199951,1332.400024,1338.160034,1271.751831,230226.0
2015-06-18,1344.0,1353.599976,1328.040039,1339.359985,1272.892334,61596.0
2015-06-19,1344.0,1359.199951,1320.0,1331.199951,1265.137085,116212.0
2015-06-22,1334.439941,1383.199951,1322.599976,1372.920044,1304.786743,218645.0
2015-06-23,1384.0,1388.560059,1336.0,1340.359985,1273.842773,89932.0
2015-06-24,1348.800049,1348.800049,1322.400024,1335.0,1268.748535,136104.0
2015-06-25,1335.199951,1357.959961,1335.199951,1352.040039,1284.943115,155314.0
2015-06-26,1349.599976,1364.47998,1332.920044,1337.359985,1270.991455,28956.0
2015-06-29,1300.839966,1346.400024,1300.160034,1342.52002,1275.895508,112572.0
2015-06-30,1351.199951,1356.800049,1336.0,1342.359985,1275.743408,183128.0
2015-07-01,1342.400024,1398.0,1342.319946,1374.959961,1306.725464,191972.0
2015-07-02,1383.199951,1422.160034,1380.0,1394.040039,1324.858765,135716.0
2015-07-03,1396.800049,1416.0,1384.839966,1393.319946,1324.174194,64385.0
2015-07-06,1382.359985,1414.800049,1375.959961,1407.160034,1337.327637,73979.0
2015-07-07,1407.199951,1454.560059,1406.400024,1435.23999,1364.01416,218835.0
2015-07-08,1408.040039,1435.680054,1408.040039,1424.680054,1353.978149,295321.0
2015-07-09,1433.599976,1453.319946,1413.280029,1440.23999,1368.766113,200425.0
2015-07-10,1440.0,1440.0,1340.040039,1374.76001,1306.535522,100160.0
2015-07-13,1381.52002,1392.0,1369.0,1379.47998,1311.02124,34851.0
2015-07-14,1381.599976,1449.599976,1381.599976,1408.920044,1339.000244,102279.0
2015-07-15,1424.0,1443.920044,1412.400024,1420.800049,1350.290649,63381.0
2015-07-16,1423.959961,1515.199951,1423.040039,1502.199951,1427.651001,638072.0
2015-07-17,1517.599976,1517.599976,1467.959961,1475.800049,1402.561157,61572.0
2015-07-20,1484.839966,1512.0,1480.160034,1486.280029,1412.521118,37966.0
2015-07-21,1502.400024,1502.400024,1424.0,1426.119995,1355.346558,80575.0
2015-07-22,1427.23999,1451.560059,1377.599976,1394.959961,1325.733032,130004.0
2015-07-23,1341.599976,1368.0,1312.0,1323.76001,1258.066528,441724.0
2015-07-24,1324.0,1354.160034,1297.359985,1302.52002,1237.880615,270172.0
2015-07-27,1319.199951,1319.199951,1267.839966,1274.400024,1211.155884,242615.0
2015-07-28,1274.439941,1282.319946,1252.0,1258.359985,1195.911865,168268.0
2015-07-29,1263.160034,1320.0,1258.47998,1295.800049,1231.493896,209312.0
2015-07-30,1316.800049,1335.199951,1300.800049,1312.680054,1247.536377,206619.0
2015-07-31,1323.599976,1335.920044,1300.0,1313.439941,1248.258667,113129.0
2015-08-03,1316.0,1340.800049,1302.800049,1326.439941,1260.613281,110830.0
2015-08-04,1326.439941,1349.599976,1296.800049,1332.319946,1266.201538,133926.0
2015-08-05,1326.319946,1339.920044,1289.599976,1297.959961,1233.546753,209598.0
2015-08-06,1304.0,1332.0,1300.0,1324.23999,1258.522583,200391.0
2015-08-07,1324.400024,1326.0,1292.040039,1296.920044,1232.55835,95419.0
2015-08-10,1297.800049,1317.839966,1292.040039,1308.920044,1243.963013,82470.0
2015-08-11,1312.0,1355.199951,1312.0,1337.359985,1270.991455,151622.0
2015-08-12,1336.800049,1337.560059,1282.160034,1288.719971,1224.765137,159599.0
2015-08-13,1292.0,1328.0,1292.0,1305.23999,1240.465454,163021.0
2015-08-14,1272.0,1300.0,1229.400024,1294.719971,1230.467651,253146.0
2015-08-17,1300.0,1317.599976,1278.400024,1312.47998,1247.346191,70361.0
2015-08-18,1323.959961,1325.599976,1296.0,1305.640015,1240.845703,75606.0
2015-08-19,1311.920044,1317.160034,1296.0,1300.880005,1236.321899,77411.0
2015-08-20,1300.0,1301.52002,1262.959961,1275.959961,1212.63855,254406.0
2015-08-21,1256.040039,1280.0,1241.199951,1248.280029,1186.332275,861444.0
2015-08-24,1235.839966,1235.839966,1180.079956,1199.800049,1140.258179,457418.0
2015-08-25,1216.0,1216.0,1156.0,1160.839966,1103.231567,987696.0
2015-08-26,1162.52002,1176.0,1112.800049,1159.719971,1102.167114,324986.0
2015-08-27,1166.400024,1207.920044,1166.400024,1193.400024,1139.481567,813755.0
2015-08-28,1219.199951,1223.920044,1138.439941,1145.52002,1093.764893,465195.0
2015-08-31,1154.319946,1187.599976,1126.319946,1140.040039,1088.532471,3184211.0
2015-09-01,1144.0,1184.0,1140.800049,1170.719971,1117.82605,176626.0
2015-09-02,1190.400024,1191.199951,1149.040039,1169.119995,1116.298462,386468.0
2015-09-03,1144.0,1144.0,1112.160034,1117.040039,1066.571411,681579.0
2015-09-04,1127.199951,1127.199951,1076.079956,1085.839966,1036.781006,1311492.0
2015-09-07,1088.119995,1102.319946,1029.640015,1039.23999,992.28656,623941.0
2015-09-08,1042.47998,1064.0,1004.799988,1058.839966,1011.000977,224859.0
2015-09-09,1067.959961,1128.0,1067.959961,1123.119995,1072.376709,251579.0
2015-09-10,1112.400024,1204.0,1092.199951,1186.47998,1132.874023,621535.0
2015-09-11,1200.0,1246.280029,1146.400024,1187.920044,1134.249023,416365.0
2015-09-14,1203.880005,1224.0,1189.599976,1209.719971,1155.064209,117031.0
2015-09-15,1209.23999,1220.0,1168.0,1170.400024,1117.520874,65681.0
2015-09-16,1179.599976,1189.599976,1098.839966,1104.719971,1054.808228,447298.0
2015-09-18,1104.719971,1144.0,1104.719971,1127.319946,1076.387085,385320.0
2015-09-21,1131.839966,1136.0,1100.0,1103.359985,1053.509521,89730.0
2015-09-22,1123.199951,1133.599976,1104.800049,1117.23999,1066.762451,129161.0
2015-09-23,1103.359985,1128.439941,1085.23999,1123.0,1072.262329,115368.0
2015-09-24,1121.560059,1121.560059,1072.800049,1085.76001,1036.704834,295076.0
2015-09-28,1085.76001,1085.76001,1048.800049,1057.439941,1009.664246,401905.0
2015-09-29,1054.040039,1119.199951,1048.800049,1109.640015,1059.505737,398170.0
2015-09-30,1124.0,1211.76001,1120.800049,1188.040039,1134.36377,509744.0
2015-10-01,1192.439941,1211.76001,1162.160034,1204.52002,1150.098999,157536.0
2015-10-05,1204.52002,1261.52002,1174.359985,1234.76001,1178.972778,403829.0
2015-10-06,1250.160034,1259.959961,1197.680054,1205.319946,1150.862915,173688.0
2015-10-07,1205.319946,1235.959961,1204.0,1218.400024,1163.352051,83988.0
2015-10-08,1218.400024,1236.079956,1208.0,1232.0,1176.337524,48056.0
2015-10-09,1233.599976,1236.079956,1220.040039,1231.359985,1175.726563,59471.0
2015-10-12,1240.0,1258.199951,1220.439941,1231.76001,1176.108398,54531.0
2015-10-13,1228.0,1239.959961,1178.079956,1193.560059,1139.634399,137564.0
2015-10-14,1200.0,1214.599976,1189.599976,1198.160034,1144.026489,81844.0
2015-10-15,1198.400024,1210.76001,1180.800049,1191.47998,1137.648193,89402.0
2015-10-16,1200.040039,1206.880005,1150.560059,1156.839966,1104.57312,107108.0
2015-10-19,1173.880005,1192.800049,1148.0,1190.599976,1136.807861,67331.0
2015-10-20,1192.0,1199.119995,1162.23999,1181.160034,1127.794556,97085.0
2015-10-21,1187.959961,1190.400024,1169.599976,1176.319946,1123.173096,107458.0
2015-10-23,1176.319946,1188.0,1064.800049,1084.040039,1035.0625,807576.0
2015-10-26,1092.800049,1096.0,1068.0,1077.040039,1028.378662,802366.0
2015-10-27,1080.0,1080.040039,1044.719971,1060.359985,1012.452332,976456.0
2015-10-28,1074.800049,1084.640015,1064.040039,1079.880005,1031.090332,248251.0
2015-10-29,1086.319946,1086.319946,1048.0,1056.680054,1008.938599,387405.0
2015-10-30,1072.0,1072.0,1048.800049,1060.119995,1012.223145,276079.0
2015-11-02,1071.160034,1077.599976,1052.800049,1061.319946,1013.368835,210501.0
2015-11-03,1076.0,1079.959961,1057.280029,1076.640015,1027.996704,57668.0
2015-11-04,1079.199951,1088.0,1069.599976,1079.23999,1030.47937,149405.0
2015-11-05,1086.160034,1119.920044,1080.0,1099.359985,1049.69043,233178.0
2015-11-06,1116.0,1139.199951,1112.0,1123.280029,1072.529663,244930.0
2015-11-09,1096.119995,1140.800049,1096.119995,1124.560059,1073.751709,92079.0
2015-11-10,1132.0,1146.400024,1104.040039,1117.560059,1067.067993,89950.0
2015-11-13,1117.560059,1135.439941,1108.880005,1123.800049,1073.026123,62221.0
2015-11-16,1115.199951,1129.439941,1093.47998,1102.23999,1052.440186,127312.0
2015-11-17,1114.400024,1127.959961,1100.800049,1105.400024,1055.457397,140628.0
2015-11-18,1104.800049,1119.199951,1088.160034,1093.0,1043.617554,43421.0
2015-11-19,1096.23999,1108.0,1059.199951,1077.040039,1028.378662,212009.0
2015-11-20,1079.959961,1096.0,1073.839966,1088.680054,1039.49292,248558.0
2015-11-23,1090.400024,1107.199951,1090.400024,1097.560059,1047.97168,245004.0
2015-11-24,1096.0,1148.0,1092.079956,1136.599976,1085.247803,146996.0
2015-11-26,1136.599976,1154.959961,1131.0,1136.719971,1085.362305,80414.0
2015-11-27,1138.439941,1147.439941,1108.839966,1126.23999,1075.355835,84058.0
2015-11-30,1135.959961,1148.0,1100.560059,1122.400024,1071.689453,334544.0
2015-12-01,1132.839966,1143.199951,1114.800049,1136.199951,1084.865723,76420.0
2015-12-02,1142.400024,1161.599976,1130.400024,1146.920044,1095.101563,266384.0
2015-12-03,1144.800049,1175.199951,1144.800049,1156.920044,1104.64978,159265.0
2015-12-04,1150.0,1166.400024,1124.0,1130.400024,1079.327881,91904.0
2015-12-07,1143.079956,1154.359985,1131.880005,1141.040039,1089.487305,113438.0
2015-12-08,1135.199951,1159.52002,1132.800049,1139.47998,1087.997559,222315.0
2015-12-09,1136.0,1137.880005,1060.23999,1072.359985,1023.910095,172495.0
2015-12-10,1078.400024,1104.0,1060.040039,1080.839966,1032.00708,58220.0
2015-12-11,1080.839966,1085.599976,1049.640015,1058.839966,1011.000977,99790.0
2015-12-14,1054.23999,1071.040039,1044.800049,1050.680054,1003.209656,134464.0
2015-12-15,1058.76001,1067.199951,1045.319946,1049.839966,1002.407593,61220.0
2015-12-16,1056.839966,1059.52002,1035.160034,1039.839966,992.859375,121621.0
2015-12-17,1040.0,1044.359985,1013.119995,1028.359985,981.898132,395421.0
2015-12-18,1038.400024,1053.680054,1028.0,1040.640015,993.623352,739971.0
2015-12-21,1026.52002,1056.0,1026.52002,1039.280029,992.32489,98448.0
2015-12-22,1039.280029,1055.199951,1039.280029,1045.599976,998.359253,84190.0
2015-12-23,1048.920044,1053.880005,1040.0,1044.47998,997.289856,48492.0
2015-12-24,1048.0,1056.0,1042.0,1045.52002,998.282837,71732.0
2015-12-28,1045.52002,1062.319946,1041.599976,1047.839966,1000.498047,131509.0
2015-12-29,1052.0,1052.0,1034.319946,1038.640015,991.713684,56695.0
2015-12-30,1044.079956,1049.280029,1024.0,1025.680054,979.339233,66502.0
2015-12-31,1048.0,1056.0,1036.0,1050.400024,1002.942322,197920.0
2016-01-01,1056.0,1138.319946,1050.800049,1110.400024,1060.231567,644638.0
2016-01-04,1114.800049,1132.0,1067.47998,1079.0,1030.250244,314940.0
2016-01-05,1084.23999,1089.52002,1040.079956,1049.800049,1002.369446,245274.0
2016-01-06,1052.800049,1059.920044,1028.0,1030.359985,983.807739,424272.0
2016-01-07,1028.76001,1028.76001,1006.0,1011.719971,966.009888,210396.0
2016-01-08,1020.799988,1031.199951,996.0,1019.559998,973.495667,504440.0
2016-01-11,1016.799988,1036.0,1002.320007,1025.0,978.689941,171076.0
2016-01-12,1038.359985,1043.199951,1000.0,1006.080017,960.624756,183795.0
2016-01-13,1015.599976,1016.799988,969.599976,987.320007,942.71228,170915.0
2016-01-14,983.200012,984.0,963.039978,979.23999,934.997375,64074.0
2016-01-15,990.320007,996.799988,969.719971,979.840027,935.570374,152559.0
2016-01-18,972.0,973.599976,921.599976,924.039978,882.291382,348882.0
2016-01-19,925.599976,951.200012,900.0,944.960022,902.266235,176082.0
2016-01-20,934.400024,984.0,913.559998,970.0,926.174866,294371.0
2016-01-21,975.960022,992.0,952.0,965.47998,921.859009,215571.0
2016-01-22,975.960022,979.679993,957.200012,960.0,916.626648,201566.0
2016-01-25,967.919983,983.880005,961.440002,968.47998,924.72345,136329.0
2016-01-27,968.47998,980.280029,933.919983,968.679993,924.914551,500212.0
2016-01-28,968.799988,990.359985,947.039978,961.960022,918.498108,455072.0
2016-01-29,959.960022,969.919983,945.320007,949.47998,906.581909,281219.0
2016-02-01,952.0,967.599976,936.0,955.599976,912.425415,176721.0
2016-02-02,948.119995,956.0,921.599976,931.200012,889.12793,174575.0
2016-02-03,927.919983,927.919983,872.0,883.919983,843.984009,448122.0
2016-02-04,889.559998,902.47998,885.679993,888.200012,848.070618,328075.0
2016-02-05,888.0,910.359985,888.0,901.960022,869.036377,493782.0
2016-02-08,901.599976,921.159973,893.599976,918.880005,885.338745,147969.0
2016-02-09,917.599976,920.960022,868.0,910.799988,877.553589,86861.0
2016-02-10,896.799988,907.159973,880.0,882.320007,850.113342,349256.0
2016-02-11,880.0,890.400024,864.0,876.200012,844.216675,525082.0
2016-02-12,881.599976,892.679993,840.799988,864.47998,832.924438,291528.0
2016-02-15,871.200012,932.0,867.679993,923.320007,889.616638,89725.0
2016-02-16,956.0,956.0,912.76001,925.23999,891.466492,131141.0
2016-02-17,926.400024,951.840027,902.0,942.159973,907.76886,93102.0
2016-02-18,945.599976,954.47998,908.159973,911.200012,877.939087,158992.0
2016-02-19,911.200012,911.200012,883.200012,895.76001,863.062683,158585.0
2016-02-22,900.0,945.0,892.0,927.52002,893.663269,199921.0
2016-02-23,929.599976,935.200012,901.599976,908.080017,874.933044,288704.0
2016-02-24,907.119995,914.320007,884.400024,906.679993,873.583984,127244.0
2016-02-25,919.200012,937.47998,898.0,931.200012,897.208984,993784.0
2016-02-26,938.400024,948.76001,921.799988,936.23999,902.065002,366950.0
2016-02-29,930.400024,936.52002,915.440002,926.719971,892.892456,279989.0
2016-03-01,943.200012,955.200012,929.280029,949.039978,914.397705,289554.0
2016-03-02,976.799988,994.76001,953.719971,969.960022,934.554199,940730.0
2016-03-03,980.400024,980.400024,949.080017,953.599976,918.791382,282468.0
2016-03-04,952.080017,1004.080017,945.960022,989.47998,953.361633,200341.0
2016-03-08,989.47998,1012.0,959.919983,981.200012,945.383972,96658.0
2016-03-09,962.799988,967.200012,948.200012,956.0,921.103699,630428.0
2016-03-10,951.200012,956.799988,926.679993,930.719971,896.746521,525388.0
2016-03-11,934.400024,943.200012,915.359985,918.039978,884.529358,2170639.0
2016-03-14,915.039978,931.200012,912.919983,925.880005,892.08313,427162.0
2016-03-15,931.200012,931.200012,914.119995,919.280029,885.724121,350078.0
2016-03-16,918.119995,926.359985,916.0,923.280029,889.578125,196992.0
2016-03-17,926.23999,939.159973,923.200012,936.0,901.833801,297698.0
2016-03-18,939.200012,939.200012,909.159973,918.280029,884.760681,554780.0
2016-03-21,922.400024,963.919983,921.840027,959.599976,924.572266,380910.0
2016-03-22,959.200012,976.0,947.200012,971.23999,935.787476,181639.0
2016-03-23,971.960022,981.52002,962.080017,977.0,941.337219,150248.0
2016-03-28,977.0,989.52002,974.799988,981.159973,945.345337,135102.0
2016-03-29,985.599976,987.919983,948.200012,953.76001,918.945496,573846.0
2016-03-30,956.919983,1004.0,956.919983,994.880005,958.564514,272808.0
2016-03-31,997.200012,1013.599976,972.400024,994.679993,958.371826,1777538.0
2016-04-01,994.400024,1012.799988,979.880005,1006.719971,969.97229,153640.0
2016-04-04,1014.640015,1033.199951,1009.599976,1019.359985,982.150879,182076.0
2016-04-05,1002.47998,1016.599976,987.200012,1003.919983,967.274536,348996.0
2016-04-06,1014.400024,1024.0,999.599976,1016.0,978.913696,226885.0
2016-04-07,1019.200012,1022.400024,1002.039978,1019.159973,981.958191,98645.0
2016-04-08,1016.0,1022.159973,1003.400024,1014.52002,977.487671,72770.0
2016-04-11,1014.52002,1020.080017,1000.0,1005.719971,969.00885,114838.0
2016-04-12,1008.0,1024.079956,1008.0,1014.440002,977.410583,183671.0
2016-04-13,1023.919983,1027.920044,988.52002,1016.359985,979.260437,302638.0
2016-04-18,1016.359985,1071.920044,1016.359985,1065.839966,1026.934326,514826.0
2016-04-20,1065.839966,1108.800049,1065.839966,1103.47998,1063.200439,360689.0
2016-04-21,1108.0,1108.800049,1087.0,1088.400024,1048.670654,267709.0
2016-04-22,1087.160034,1095.199951,1080.839966,1087.47998,1047.784424,79385.0
2016-04-25,1089.599976,1095.880005,1069.0,1071.719971,1032.599731,256942.0
2016-04-26,1071.719971,1095.079956,1064.880005,1085.400024,1045.780396,460662.0
2016-04-27,1084.0,1090.599976,1069.76001,1077.359985,1038.033691,136190.0
2016-04-28,1077.560059,1077.560059,1048.0,1056.680054,1018.108826,411602.0
2016-04-29,1063.920044,1086.160034,1053.800049,1082.280029,1042.77417,192916.0
2016-05-02,1076.0,1103.199951,1065.839966,1095.76001,1055.762207,160764.0
2016-05-03,1096.0,1118.400024,1092.0,1103.719971,1063.431641,275590.0
2016-05-04,1099.119995,1126.400024,1095.640015,1103.599976,1063.315918,245628.0
2016-05-05,1103.199951,1104.800049,1070.400024,1079.0,1039.614014,468749.0
2016-05-06,1076.640015,1086.23999,1059.959961,1063.52002,1024.698975,268738.0
2016-05-09,1074.800049,1098.23999,1056.839966,1060.560059,1021.847046,174770.0
2016-05-10,1063.199951,1072.0,1036.800049,1040.040039,1002.07605,150131.0
2016-05-11,1032.0,1054.400024,1025.52002,1041.0,1003.000916,84665.0
2016-05-12,1041.040039,1078.400024,1041.040039,1070.800049,1031.713257,170415.0
2016-05-13,1068.800049,1089.52002,1066.400024,1073.680054,1034.488159,146574.0
2016-05-16,1087.199951,1100.76001,1064.560059,1096.040039,1056.031982,120081.0
2016-05-17,1100.800049,1107.959961,1092.23999,1097.439941,1057.380737,71170.0
2016-05-18,1095.599976,1099.199951,1084.0,1091.839966,1051.985229,62285.0
2016-05-19,1099.839966,1108.0,1080.079956,1085.680054,1046.050171,89300.0
2016-05-20,1085.52002,1099.920044,1064.0,1069.119995,1030.094482,66996.0
2016-05-23,1070.319946,1116.23999,1070.319946,1097.23999,1057.18811,248574.0
2016-05-24,1106.319946,1115.199951,1082.400024,1105.880005,1065.512817,287928.0
2016-05-25,1113.599976,1118.319946,1095.160034,1111.0,1070.445801,196798.0
2016-05-26,1081.599976,1103.0,1072.0,1089.680054,1049.904175,377328.0
2016-05-27,1093.400024,1109.599976,1080.23999,1104.199951,1063.894043,263100.0
2016-05-30,1108.040039,1158.400024,1108.040039,1149.23999,1107.290039,402448.0
2016-05-31,1156.0,1171.959961,1136.0,1151.23999,1109.217041,636124.0
2016-06-01,1151.199951,1154.400024,1121.599976,1126.599976,1085.47644,89055.0
2016-06-02,1134.680054,1134.680054,1104.160034,1108.959961,1068.480225,126768.0
2016-06-03,1120.0,1120.0,1080.800049,1081.839966,1042.35022,130604.0
2016-06-06,1090.959961,1090.959961,1062.079956,1065.959961,1027.049927,155986.0
2016-06-07,1075.040039,1084.0,1071.119995,1079.719971,1040.307739,140558.0
2016-06-08,1091.0,1099.199951,1080.839966,1090.76001,1050.944702,313998.0
2016-06-09,1092.800049,1102.400024,1081.0,1085.599976,1045.973022,155601.0
2016-06-10,1088.0,1098.839966,1082.400024,1084.800049,1045.202271,91474.0
2016-06-13,1075.199951,1096.560059,1075.119995,1087.640015,1047.938477,102596.0
2016-06-14,1094.400024,1100.0,1058.400024,1071.920044,1032.792603,91146.0
2016-06-15,1076.0,1086.76001,1068.839966,1079.599976,1040.192017,137670.0
2016-06-16,1080.0,1084.0,1071.23999,1077.040039,1037.725586,98898.0
2016-06-17,1079.920044,1084.0,1056.0,1059.719971,1021.03772,140795.0
2016-06-20,1051.719971,1094.359985,1051.719971,1072.599976,1033.44751,226784.0
2016-06-21,1073.76001,1097.599976,1060.959961,1065.23999,1026.356079,250771.0
2016-06-22,1054.560059,1079.920044,1054.560059,1068.47998,1029.478027,163356.0
2016-06-23,1075.400024,1092.0,1056.199951,1081.439941,1041.964844,182458.0
2016-06-24,1071.800049,1096.76001,1056.560059,1087.23999,1047.553101,143760.0
2016-06-27,1087.23999,1110.0,1078.079956,1084.23999,1044.662598,218048.0
2016-06-28,1085.599976,1113.800049,1085.599976,1105.0,1064.664917,153184.0
2016-06-29,1108.079956,1164.839966,1102.800049,1160.880005,1118.505127,277839.0
2016-06-30,1162.719971,1175.920044,1135.640015,1144.439941,1102.665161,385206.0
2016-07-01,1141.599976,1183.199951,1136.439941,1167.47998,1124.864258,255965.0
2016-07-04,1169.359985,1176.0,1158.959961,1161.319946,1118.929077,119000.0
2016-07-05,1161.319946,1182.400024,1156.119995,1171.599976,1128.833862,172060.0
2016-07-07,1171.599976,1191.400024,1168.079956,1172.76001,1129.951538,256920.0
2016-07-08,1176.880005,1183.400024,1166.040039,1172.719971,1129.912842,140930.0
2016-07-11,1177.560059,1188.719971,1154.560059,1161.560059,1119.1604,214439.0
2016-07-12,1168.199951,1172.400024,1137.880005,1142.160034,1100.468384,306236.0
2016-07-13,1147.959961,1159.920044,1132.0,1142.560059,1100.853882,319955.0
2016-07-14,1144.640015,1165.319946,1137.680054,1154.76001,1112.608521,764644.0
2016-07-15,1163.199951,1182.359985,1162.439941,1172.880005,1130.067261,300575.0
2016-07-18,1180.0,1182.719971,1126.959961,1138.0,1096.460205,94546.0
2016-07-19,1144.160034,1152.0,1129.599976,1147.439941,1105.555786,129850.0
2016-07-20,1147.199951,1167.920044,1147.199951,1164.359985,1121.858154,100341.0
2016-07-21,1168.0,1172.800049,1146.0,1156.400024,1114.188599,172795.0
2016-07-22,1159.0,1179.199951,1151.280029,1165.640015,1123.091431,218245.0
2016-07-25,1165.680054,1191.959961,1165.680054,1183.0,1139.817627,341218.0
2016-07-26,1184.0,1195.199951,1120.23999,1156.079956,1113.880249,325436.0
2016-07-27,1160.0,1180.0,1141.959961,1173.199951,1130.375244,174496.0
2016-07-28,1173.199951,1191.800049,1168.839966,1176.0,1133.073242,433825.0
2016-07-29,1176.0,1209.079956,1169.719971,1199.920044,1156.120117,371641.0
2016-08-01,1212.0,1223.199951,1195.359985,1206.800049,1162.748901,248185.0
2016-08-02,1206.400024,1232.0,1204.0,1214.359985,1170.032959,291939.0
2016-08-03,1219.920044,1224.079956,1181.439941,1188.119995,1144.750732,148755.0
2016-08-04,1205.52002,1205.839966,1141.439941,1150.160034,1108.176392,285491.0
2016-08-05,1155.199951,1164.0,1128.0,1154.119995,1111.991821,233334.0
2016-08-08,1160.0,1163.400024,1122.839966,1145.560059,1103.744385,136194.0
2016-08-09,1154.400024,1186.040039,1140.280029,1167.160034,1124.55603,338346.0
2016-08-10,1140.0,1196.0,1140.0,1173.880005,1131.03064,490991.0
2016-08-11,1161.599976,1168.0,1124.079956,1135.119995,1093.685425,153242.0
2016-08-12,1145.119995,1149.599976,1113.280029,1118.040039,1077.229004,191456.0
2016-08-16,1118.040039,1133.23999,1116.23999,1119.319946,1078.46228,169772.0
2016-08-17,1119.199951,1131.52002,1117.359985,1128.040039,1086.863892,196908.0
2016-08-18,1131.199951,1133.52002,1108.959961,1111.119995,1070.561523,138681.0
2016-08-19,1112.0,1112.0,1089.76001,1093.160034,1053.25708,229762.0
2016-08-22,1092.800049,1107.040039,1086.400024,1091.359985,1051.522705,125570.0
2016-08-23,1099.52002,1102.76001,1072.800049,1083.47998,1043.930298,118784.0
2016-08-24,1083.47998,1095.199951,1080.0,1089.680054,1049.904175,94525.0
2016-08-25,1089.599976,1112.0,1080.800049,1101.079956,1060.887939,458581.0
2016-08-26,1095.199951,1104.560059,1088.0,1092.839966,1052.948608,82125.0
2016-08-29,1102.160034,1105.599976,1087.280029,1099.0,1058.884033,56804.0
2016-08-30,1107.0,1107.0,1092.640015,1098.439941,1058.344238,148869.0
2016-08-31,1100.0,1131.76001,1092.0,1115.640015,1074.916626,222854.0
2016-09-01,1120.0,1125.560059,1104.079956,1111.280029,1070.715698,67625.0
2016-09-02,1116.0,1116.280029,1092.0,1099.23999,1064.383057,127488.0
2016-09-06,1099.23999,1107.839966,1090.400024,1100.160034,1065.273926,274774.0
2016-09-07,1104.680054,1113.23999,1099.280029,1103.719971,1068.720947,98754.0
2016-09-08,1109.319946,1109.959961,1096.52002,1105.76001,1070.696411,73205.0
2016-09-09,1111.920044,1112.800049,1092.800049,1096.839966,1062.059082,90066.0
2016-09-12,1084.23999,1090.76001,1048.800049,1055.640015,1022.16571,119899.0
2016-09-14,1055.640015,1069.199951,1030.160034,1039.280029,1006.324463,264181.0
2016-09-15,1040.0,1044.0,1012.440002,1028.959961,996.331604,239479.0
2016-09-16,1038.400024,1061.599976,1032.0,1039.880005,1006.905396,362955.0
2016-09-19,1049.52002,1054.319946,1037.160034,1046.719971,1013.528442,197538.0
2016-09-20,1046.719971,1058.400024,1043.160034,1047.47998,1014.264465,105169.0
2016-09-21,1047.160034,1069.560059,1044.0,1059.560059,1025.961426,268002.0
2016-09-22,1068.0,1075.199951,1059.359985,1068.880005,1034.98584,95674.0
2016-09-23,1072.0,1091.599976,1067.52002,1069.47998,1035.566772,355921.0
2016-09-26,1069.52002,1081.47998,1064.0,1069.52002,1035.605591,115989.0
2016-09-27,1071.47998,1084.0,1068.560059,1081.359985,1047.070068,217879.0
2016-09-28,1081.920044,1095.959961,1080.640015,1090.119995,1055.552246,120056.0
2016-09-29,1094.52002,1099.199951,1043.199951,1085.0,1050.594604,1160630.0
2016-09-30,1083.920044,1108.160034,1049.599976,1103.52002,1068.527222,240396.0
2016-10-03,1103.199951,1112.0,1091.439941,1108.0,1072.865356,70624.0
2016-10-04,1105.599976,1111.680054,1096.800049,1105.439941,1070.386475,62686.0
2016-10-05,1104.800049,1132.0,1102.76001,1123.280029,1087.660767,134721.0
2016-10-06,1124.079956,1138.23999,1109.359985,1117.359985,1081.928467,139908.0
2016-10-07,1116.800049,1130.439941,1105.599976,1121.359985,1085.801636,139124.0
2016-10-10,1121.599976,1124.800049,1102.560059,1107.560059,1072.439209,124850.0
2016-10-13,1107.560059,1107.560059,1076.800049,1092.439941,1057.798584,157668.0
2016-10-14,1095.119995,1105.599976,1045.119995,1070.47998,1036.535034,225061.0
2016-10-17,1078.560059,1091.0,1052.0,1057.119995,1023.598694,114599.0
2016-10-18,1063.959961,1093.599976,1057.599976,1090.319946,1055.745972,153629.0
2016-10-19,1090.400024,1099.119995,1084.800049,1091.680054,1057.062866,52455.0
2016-10-20,1090.920044,1096.0,1078.400024,1090.76001,1056.172119,69724.0
2016-10-21,1090.400024,1104.0,1072.0,1077.040039,1042.887085,68756.0
2016-10-24,1078.0,1089.160034,1072.199951,1078.599976,1044.397583,67965.0
2016-10-25,1078.599976,1086.719971,1074.400024,1079.719971,1045.482056,63940.0
2016-10-26,1079.719971,1093.599976,1074.400024,1081.23999,1046.953857,86525.0
2016-10-27,1079.119995,1096.0,1065.680054,1086.920044,1052.453857,283934.0
2016-10-28,1086.280029,1104.319946,1077.280029,1100.439941,1065.544922,116648.0
2016-11-01,1100.439941,1112.0,1092.0,1096.400024,1061.633179,69705.0
2016-11-02,1083.839966,1103.199951,1083.76001,1094.959961,1060.238647,108165.0
2016-11-03,1086.640015,1101.920044,1085.319946,1095.23999,1060.509766,133884.0
2016-11-04,1091.199951,1114.400024,1091.199951,1106.199951,1071.122192,436434.0
2016-11-07,1108.0,1147.599976,1088.079956,1096.52002,1061.74939,195999.0
2016-11-08,1102.400024,1111.199951,1082.0,1106.439941,1071.354736,70280.0
2016-11-09,1062.400024,1096.0,1009.880005,1082.880005,1048.54187,121772.0
2016-11-10,1093.599976,1105.439941,1087.959961,1092.23999,1057.605103,126006.0
2016-11-11,1086.319946,1087.880005,1064.800049,1080.839966,1046.566528,131635.0
2016-11-15,1080.839966,1099.160034,1028.400024,1043.439941,1010.352478,216506.0
2016-11-16,1032.079956,1068.119995,1015.039978,1026.640015,994.085205,341876.0
2016-11-17,1024.280029,1040.0,997.039978,1003.47998,971.659607,407051.0
2016-11-18,1000.0,1007.200012,972.799988,975.200012,944.276428,225676.0
2016-11-21,980.0,985.440002,907.640015,925.719971,896.365356,218266.0
2016-11-22,924.0,933.599976,906.440002,928.919983,899.463928,195096.0
2016-11-23,928.799988,939.320007,896.280029,901.799988,873.203918,193045.0
2016-11-24,907.200012,991.960022,898.080017,947.76001,917.706604,355495.0
2016-11-25,939.280029,939.679993,917.799988,924.799988,895.474548,417815.0
2016-11-28,925.960022,943.52002,925.960022,935.080017,905.428528,96232.0
2016-11-29,940.23999,948.0,932.52002,934.039978,904.42157,99789.0
2016-11-30,936.400024,942.719971,928.799988,936.0,906.319458,229021.0
2016-12-01,940.0,943.919983,919.280029,924.640015,895.319641,572888.0
2016-12-02,921.599976,933.359985,901.799988,909.119995,880.291748,109578.0
2016-12-05,914.320007,915.320007,884.76001,897.919983,869.446899,319920.0
2016-12-06,904.0,904.0,884.0,889.280029,861.080872,1279178.0
2016-12-07,893.76001,899.200012,885.640015,890.23999,862.010498,104208.0
2016-12-08,896.0,905.119995,885.599976,888.320007,860.151367,412196.0
2016-12-09,896.76001,901.080017,889.039978,894.799988,866.425903,347030.0
2016-12-12,899.119995,922.23999,890.880005,902.76001,874.133423,240192.0
2016-12-13,911.200012,911.200012,888.799988,896.919983,868.478699,453914.0
2016-12-14,896.919983,904.76001,890.400024,896.359985,867.936401,179756.0
2016-12-15,892.799988,904.76001,888.799988,890.200012,861.971802,84295.0
2016-12-16,891.76001,897.960022,874.599976,879.039978,851.165588,222936.0
2016-12-19,878.47998,887.0,862.400024,865.359985,837.919434,389359.0
2016-12-20,867.960022,873.599976,856.799988,859.599976,832.342041,66369.0
2016-12-21,864.0,881.880005,844.440002,873.799988,846.091736,1158281.0
2016-12-22,872.039978,885.599976,866.159973,880.719971,852.792297,225141.0
2016-12-23,884.799988,889.159973,875.200012,881.76001,853.799377,167992.0
2016-12-26,881.599976,897.599976,869.119995,874.440002,846.711487,215458.0
2016-12-27,879.119995,883.200012,867.200012,879.039978,851.165588,150636.0
2016-12-28,886.799988,895.119995,866.960022,871.799988,844.155151,128839.0
2016-12-29,872.799988,896.0,872.440002,887.200012,859.066895,470708.0
2016-12-30,891.0,896.799988,881.640015,888.039978,859.880188,103980.0
2017-01-02,895.320007,921.599976,882.440002,912.840027,883.893921,239011.0
2017-01-03,921.599976,948.799988,920.0,941.440002,911.586853,384896.0
2017-01-04,944.0,948.0,915.280029,921.039978,891.83374,119584.0
2017-01-05,931.119995,942.400024,926.23999,939.440002,909.650269,64100.0
2017-01-06,943.599976,954.200012,931.200012,934.200012,904.576538,148331.0
2017-01-09,932.919983,991.200012,928.0,944.840027,914.879089,349999.0
2017-01-10,953.52002,956.799988,932.320007,953.719971,923.477478,332910.0
2017-01-11,959.960022,964.0,941.679993,946.840027,916.815674,289384.0
2017-01-12,954.400024,977.599976,942.47998,973.880005,942.998169,300879.0
2017-01-13,975.840027,982.400024,962.400024,965.0,934.39978,223809.0
2017-01-16,966.080017,974.400024,954.400024,957.880005,927.505615,92992.0
2017-01-17,961.599976,976.0,954.559998,960.359985,929.906982,217795.0
2017-01-18,960.359985,960.359985,944.080017,951.440002,921.269836,224312.0
2017-01-19,957.599976,957.599976,938.719971,944.23999,914.298096,211309.0
2017-01-20,944.799988,947.640015,929.23999,936.599976,906.900391,262919.0
2017-01-23,942.799988,951.200012,928.799988,936.320007,906.629272,109405.0
2017-01-24,943.599976,957.080017,936.919983,953.400024,923.167664,159821.0
2017-01-25,954.400024,959.559998,948.799988,955.039978,924.755554,315428.0
2017-01-27,955.039978,969.559998,948.799988,962.559998,932.037231,137509.0
2017-01-30,953.23999,969.599976,953.23999,962.559998,932.037231,93002.0
2017-01-31,965.52002,965.52002,908.799988,948.359985,918.287476,1609640.0
2017-02-01,952.0,963.200012,931.039978,951.880005,921.695862,353809.0
2017-02-02,960.799988,960.799988,935.200012,957.039978,926.6922,281270.0
2017-02-03,958.23999,980.0,944.52002,973.119995,942.262329,211474.0
2017-02-06,978.0,1039.199951,964.840027,1016.280029,984.053711,1848899.0
2017-02-07,1026.23999,1031.800049,1000.080017,1007.52002,975.571594,536092.0
2017-02-08,1011.200012,1036.0,1008.799988,1030.880005,998.190735,303538.0
2017-02-09,1036.0,1055.199951,1028.400024,1050.47998,1017.169189,318280.0
2017-02-10,1056.0,1065.599976,1050.599976,1061.400024,1027.74292,330898.0
2017-02-13,1068.0,1068.800049,1032.680054,1043.119995,1010.042603,390629.0
2017-02-14,1040.0,1040.0,989.599976,1021.400024,989.011414,889446.0
2017-02-15,1015.200012,1015.200012,981.640015,983.719971,952.526184,454591.0
2017-02-16,982.400024,999.080017,980.840027,987.080017,955.779663,273712.0
2017-02-17,991.960022,994.559998,974.400024,977.200012,946.213013,220810.0
2017-02-20,981.599976,990.200012,977.599976,979.719971,948.653015,298190.0
2017-02-21,978.400024,986.039978,978.039978,979.719971,958.040588,106215.0
2017-02-22,977.919983,979.159973,962.640015,971.880005,959.778687,208250.0
2017-02-23,968.0,977.52002,946.400024,949.200012,937.381104,196726.0
2017-02-27,949.200012,980.799988,944.0,974.080017,961.951294,949889.0
2017-02-28,975.200012,986.159973,963.200012,972.719971,960.608154,797455.0
2017-03-01,980.0,985.599976,973.080017,978.919983,966.731018,451515.0
2017-03-02,984.0,988.559998,973.039978,982.23999,970.009705,425831.0
2017-03-03,984.0,991.200012,980.0,986.76001,974.47345,221592.0
2017-03-06,995.559998,997.599976,984.039978,990.440002,978.107544,189472.0
2017-03-07,994.919983,1003.919983,990.840027,997.679993,985.257385,246384.0
2017-03-08,992.880005,993.599976,961.640015,982.119995,969.891174,618950.0
2017-03-09,981.599976,986.400024,972.0,975.960022,963.807861,311732.0
2017-03-10,976.799988,1003.320007,972.440002,993.119995,980.754211,259475.0
2017-03-14,993.119995,1013.200012,989.679993,993.440002,981.070251,542955.0
2017-03-15,999.47998,1011.960022,989.599976,1003.280029,990.787781,284509.0
2017-03-16,1007.599976,1012.159973,978.840027,992.039978,979.687683,617199.0
2017-03-17,999.200012,1006.400024,985.719971,993.119995,980.754211,605570.0
2017-03-20,992.280029,1014.960022,992.280029,997.880005,985.454956,422004.0
2017-03-21,1003.919983,1007.119995,988.919983,991.799988,979.450623,334015.0
2017-03-22,988.799988,996.0,974.0,993.080017,980.714722,1535894.0
2017-03-23,1001.599976,1006.400024,992.359985,996.359985,983.953857,199770.0
2017-03-24,1000.640015,1013.599976,998.080017,1000.320007,987.864563,376136.0
2017-03-27,1008.0,1008.880005,984.080017,987.559998,975.263428,373229.0
2017-03-28,989.679993,999.200012,980.0,995.119995,982.729309,751070.0
2017-03-29,997.599976,1009.119995,987.679993,1006.280029,993.750366,514028.0
2017-03-30,1006.280029,1026.359985,992.880005,1014.23999,1001.611206,920652.0
2017-03-31,1023.400024,1030.47998,1014.880005,1018.960022,1006.272461,426358.0
2017-04-03,1019.039978,1030.599976,999.280029,1011.200012,998.609131,959781.0
2017-04-05,1011.200012,1023.700012,984.400024,1012.799988,1000.189148,1486402.0
2017-04-06,1025.0,1060.0,1023.75,1051.800049,1038.703613,956282.0
2017-04-07,1058.550049,1138.849976,1047.5,1121.25,1107.288818,1985383.0
2017-04-10,1139.949951,1146.0,1102.550049,1131.300049,1117.213745,640747.0
2017-04-11,1130.300049,1161.0,1128.800049,1155.099976,1140.717285,469120.0
2017-04-12,1160.0,1165.0,1136.050049,1146.599976,1132.32312,361688.0
2017-04-13,1147.849976,1188.0,1141.050049,1179.0,1164.319702,441801.0
2017-04-17,1179.0,1190.0,1154.099976,1183.75,1169.01062,366603.0
2017-04-18,1176.5,1197.0,1176.0,1190.599976,1175.775269,347343.0
2017-04-19,1190.699951,1227.5,1185.0,1218.449951,1203.278442,450249.0
2017-04-20,1220.0,1240.0,1162.050049,1177.949951,1163.282837,948265.0
2017-04-21,1185.0,1206.699951,1175.150024,1194.349976,1179.478516,381886.0
2017-04-24,1199.949951,1210.25,1181.099976,1203.900024,1188.909668,210906.0
2017-04-25,1205.099976,1218.050049,1201.699951,1213.599976,1198.488892,347517.0
2017-04-26,1215.0,1226.849976,1208.0,1213.599976,1198.488892,259115.0
2017-04-27,1214.949951,1224.349976,1201.0,1211.75,1196.661987,313782.0
2017-04-28,1213.099976,1221.849976,1211.599976,1217.849976,1202.685913,346838.0
2017-05-02,1217.849976,1218.75,1192.550049,1199.599976,1184.663208,313993.0
2017-05-03,1199.0,1214.949951,1170.0,1173.699951,1159.085693,141005.0
2017-05-04,1184.099976,1200.0,1173.5,1190.349976,1175.528442,174777.0
2017-05-05,1189.949951,1192.099976,1176.199951,1189.949951,1175.133301,184255.0
2017-05-08,1189.650024,1213.0,1165.900024,1180.550049,1165.850464,409096.0
2017-05-09,1192.5,1200.650024,1172.0,1196.349976,1181.453735,198621.0
2017-05-10,1200.0,1212.0,1189.0,1193.900024,1179.03418,204708.0
2017-05-11,1209.75,1209.75,1146.050049,1163.900024,1149.407715,390323.0
2017-05-12,1170.0,1187.0,1161.849976,1182.900024,1168.171143,242335.0
2017-05-15,1192.900024,1192.900024,1175.050049,1182.550049,1167.825562,126323.0
2017-05-16,1189.849976,1217.699951,1186.599976,1199.300049,1184.367065,437139.0
2017-05-17,1200.0,1209.949951,1185.25,1194.199951,1179.330444,130132.0
2017-05-18,1185.0,1210.0,1176.150024,1195.449951,1180.564941,358451.0
2017-05-19,1205.0,1230.0,1190.0,1198.199951,1183.28064,455424.0
2017-05-22,1207.0,1217.5,1183.0,1200.150024,1185.206421,274347.0
2017-05-23,1201.0,1251.599976,1168.0,1221.0,1205.796875,1129857.0
2017-05-24,1235.300049,1250.0,1172.949951,1179.699951,1165.010986,733720.0
2017-05-25,1186.349976,1194.150024,1145.800049,1154.849976,1140.470459,487331.0
2017-05-26,1188.900024,1216.0,1185.599976,1208.5,1193.452393,674182.0
2017-05-29,1213.900024,1213.900024,1148.099976,1180.300049,1165.603638,298222.0
2017-05-30,1189.900024,1189.900024,1152.349976,1166.900024,1152.370483,131564.0
2017-05-31,1170.0,1182.800049,1156.0,1160.199951,1145.753784,359461.0
2017-06-01,1166.75,1169.949951,1142.150024,1162.150024,1147.679565,389400.0
2017-06-02,1163.0,1175.0,1157.949951,1162.550049,1148.074707,244375.0
2017-06-05,1169.900024,1177.349976,1162.0,1172.699951,1158.098022,138853.0
2017-06-06,1177.699951,1180.0,1164.199951,1170.449951,1155.876099,96126.0
2017-06-07,1178.900024,1182.0,1170.449951,1176.25,1161.604004,253297.0
2017-06-08,1188.0,1188.0,1162.0,1165.849976,1151.333496,171953.0
2017-06-09,1169.449951,1186.349976,1156.25,1180.75,1166.047852,158864.0
2017-06-12,1180.0,1185.0,1166.849976,1172.599976,1157.99939,64324.0
2017-06-13,1172.599976,1176.599976,1164.550049,1169.050049,1154.493652,85032.0
2017-06-14,1173.900024,1173.900024,1135.75,1148.199951,1133.903198,187031.0
2017-06-15,1152.900024,1160.900024,1131.099976,1136.099976,1121.953857,97917.0
2017-06-16,1142.0,1148.0,1126.0,1135.699951,1121.558838,221250.0
2017-06-19,1137.199951,1152.650024,1120.0,1132.800049,1118.695068,161886.0
2017-06-20,1139.199951,1198.699951,1130.199951,1186.449951,1171.67688,635995.0
2017-06-21,1200.0,1206.650024,1184.099976,1193.349976,1178.491089,853721.0
2017-06-22,1195.900024,1213.300049,1192.099976,1199.050049,1184.120117,472348.0
2017-06-23,1201.0,1204.949951,1157.400024,1164.199951,1149.703979,236039.0
2017-06-27,1164.199951,1171.0,1125.75,1133.849976,1119.731812,242825.0
2017-06-28,1135.75,1184.0,1128.099976,1132.099976,1118.003662,300686.0
2017-06-29,1139.400024,1150.199951,1129.099976,1133.550049,1119.435669,343118.0
2017-06-30,1133.550049,1155.0,1123.650024,1146.050049,1131.780029,201186.0
2017-07-03,1150.0,1165.0,1140.550049,1156.300049,1141.902466,96869.0
2017-07-04,1152.949951,1178.5,1152.949951,1166.150024,1151.629761,142517.0
2017-07-05,1167.0,1177.900024,1157.650024,1166.050049,1151.531006,82432.0
2017-07-06,1166.050049,1177.300049,1162.699951,1167.849976,1153.308594,72844.0
2017-07-07,1163.0,1187.25,1163.0,1183.75,1169.01062,104628.0
2017-07-10,1190.0,1206.5,1181.5,1200.25,1185.305176,61867.0
2017-07-11,1201.0,1213.949951,1167.550049,1173.449951,1158.838745,235884.0
2017-07-12,1177.900024,1194.75,1172.099976,1174.949951,1160.32019,139760.0
2017-07-13,1178.0,1188.300049,1168.0,1177.900024,1163.233521,286102.0
2017-07-14,1177.900024,1192.5,1170.0,1172.949951,1158.345093,183613.0
2017-07-17,1179.0,1184.849976,1167.300049,1177.25,1162.591553,264504.0
2017-07-18,1172.400024,1194.0,1171.0,1186.599976,1171.825073,441144.0
2017-07-19,1186.199951,1194.900024,1177.0,1179.650024,1164.96167,243591.0
2017-07-20,1186.400024,1192.900024,1176.099976,1180.099976,1165.406128,97494.0
2017-07-21,1180.099976,1189.849976,1173.150024,1180.550049,1165.850464,408109.0
2017-07-24,1188.849976,1188.849976,1170.0,1176.449951,1161.801514,226412.0
2017-07-25,1182.400024,1182.400024,1168.0,1170.75,1156.172485,304561.0
2017-07-26,1170.75,1179.150024,1166.0,1173.0,1158.394409,258259.0
2017-07-27,1175.800049,1185.199951,1158.849976,1164.400024,1149.901489,346168.0
2017-07-28,1164.0,1165.0,1138.0,1141.25,1127.039673,246053.0
2017-07-31,1142.099976,1153.0,1135.849976,1143.849976,1129.607422,206389.0
2017-08-01,1177.900024,1199.900024,1169.050049,1175.699951,1161.060791,896563.0
2017-08-02,1183.0,1186.449951,1168.050049,1172.5,1157.900635,245106.0
2017-08-03,1176.900024,1216.0,1171.0,1179.75,1165.060425,647280.0
2017-08-04,1183.949951,1201.800049,1174.0,1179.599976,1164.912231,607373.0
2017-08-07,1187.800049,1208.800049,1180.150024,1184.400024,1169.652466,285967.0
2017-08-08,1184.400024,1192.349976,1152.25,1168.550049,1153.999878,267317.0
2017-08-09,1161.0,1190.900024,1145.150024,1168.849976,1154.296021,229607.0
2017-08-10,1164.699951,1175.400024,1140.449951,1145.449951,1131.187378,232209.0
2017-08-11,1138.0,1166.849976,1096.099976,1157.949951,1143.531738,416998.0
2017-08-14,1175.0,1179.0,1161.650024,1170.050049,1155.481201,244495.0
2017-08-16,1170.050049,1248.800049,1170.050049,1230.400024,1215.079712,793455.0
2017-08-17,1232.0,1267.699951,1230.400024,1241.75,1226.288452,543798.0
2017-08-18,1239.0,1266.900024,1226.0,1254.150024,1238.534058,489938.0
2017-08-21,1269.0,1289.599976,1211.150024,1221.949951,1206.734863,775918.0
2017-08-22,1230.0,1285.0,1222.349976,1276.400024,1260.506958,738465.0
2017-08-23,1285.0,1304.5,1250.0,1258.0,1242.33606,1286392.0
2017-08-24,1268.900024,1275.050049,1255.5,1267.800049,1252.01416,350989.0
2017-08-28,1267.800049,1291.0,1259.449951,1286.900024,1270.876343,209473.0
2017-08-29,1282.0,1282.0,1251.5,1259.900024,1244.212524,173199.0
2017-08-30,1260.5,1316.0,1260.5,1311.349976,1295.021729,449887.0
2017-08-31,1319.949951,1344.0,1313.0,1319.900024,1303.465332,842115.0
2017-09-01,1322.400024,1337.699951,1322.400024,1333.349976,1316.747803,296266.0
2017-09-04,1326.0,1330.949951,1294.300049,1316.550049,1300.157104,385346.0
2017-09-05,1315.0,1356.800049,1315.0,1350.300049,1333.486816,385300.0
2017-09-06,1335.0,1395.449951,1320.0,1386.5,1369.236084,689719.0
2017-09-07,1399.349976,1400.0,1368.050049,1375.0,1357.879272,461521.0
2017-09-08,1386.0,1387.0,1349.150024,1359.849976,1342.917847,349123.0
2017-09-11,1368.800049,1413.0,1368.599976,1406.5,1388.986938,1175797.0
2017-09-12,1409.0,1409.0,1384.5,1399.300049,1389.284912,636737.0
2017-09-13,1405.0,1408.0,1365.0,1370.849976,1361.038574,379516.0
2017-09-14,1383.0,1394.699951,1341.300049,1364.25,1354.48584,529788.0
2017-09-15,1381.25,1384.75,1346.050049,1354.75,1345.053833,1710524.0
2017-09-18,1363.0,1379.0,1357.0,1367.050049,1357.265747,132891.0
2017-09-19,1372.900024,1378.800049,1351.0,1354.400024,1344.706299,120029.0
2017-09-20,1357.400024,1373.849976,1357.199951,1365.650024,1355.875732,205402.0
2017-09-21,1365.0,1369.400024,1333.5,1343.5,1333.884277,162499.0
2017-09-22,1340.0,1340.0,1300.0,1306.599976,1297.248413,205007.0
2017-09-25,1307.0,1307.0,1257.650024,1284.0,1274.810181,368152.0
2017-09-26,1282.25,1301.0,1265.050049,1288.5,1279.277954,344892.0
2017-09-27,1290.25,1297.699951,1255.0,1262.599976,1253.563232,371394.0
2017-09-28,1266.400024,1357.449951,1250.849976,1319.349976,1309.907104,612950.0
2017-09-29,1312.699951,1353.599976,1296.099976,1346.650024,1337.011719,459137.0
2017-10-03,1346.650024,1360.0,1310.650024,1325.0,1315.516724,376062.0
2017-10-04,1327.900024,1336.0,1313.949951,1327.949951,1318.445557,347327.0
2017-10-05,1327.949951,1350.300049,1314.349976,1322.75,1313.282837,263799.0
2017-10-06,1323.0,1337.949951,1320.150024,1328.349976,1318.842651,262852.0
2017-10-09,1337.0,1337.0,1321.25,1324.699951,1315.21875,105999.0
2017-10-10,1337.0,1352.199951,1322.150024,1329.25,1319.736328,544214.0
2017-10-11,1337.900024,1349.25,1297.349976,1308.900024,1299.531982,377417.0
2017-10-12,1322.300049,1365.0,1322.300049,1355.849976,1346.145874,444281.0
2017-10-13,1364.449951,1371.0,1338.599976,1364.349976,1354.585083,441317.0
2017-10-16,1367.0,1385.300049,1350.0,1359.449951,1349.720093,267567.0
2017-10-17,1346.0,1368.0,1332.550049,1341.550049,1331.948242,632834.0
2017-10-18,1344.849976,1356.949951,1316.699951,1322.199951,1312.736694,484296.0
2017-10-19,1331.0,1333.199951,1305.0,1319.25,1309.807861,18359.0
2017-10-23,1319.25,1344.0,1307.0,1331.5,1321.970215,417356.0
2017-10-24,1340.0,1360.0,1325.050049,1340.599976,1331.005005,153392.0
2017-10-25,1345.0,1367.800049,1332.449951,1359.449951,1349.720093,267090.0
2017-10-26,1351.0,1399.199951,1342.5,1368.199951,1358.407471,603917.0
2017-10-27,1369.800049,1384.599976,1345.25,1364.400024,1354.634766,302146.0
2017-10-30,1363.5,1375.800049,1345.949951,1370.900024,1361.088257,305084.0
2017-10-31,1366.25,1399.0,1362.099976,1382.349976,1372.456177,730883.0
2017-11-01,1391.849976,1405.0,1323.050049,1390.099976,1380.150757,692203.0
2017-11-02,1382.0,1392.25,1360.449951,1379.449951,1369.576904,666122.0
2017-11-03,1379.0,1397.0,1369.050049,1379.900024,1370.023804,348699.0
2017-11-06,1382.0,1418.0,1382.0,1391.75,1381.78894,601993.0
2017-11-07,1392.0,1405.949951,1324.050049,1328.849976,1319.339111,549008.0
2017-11-08,1338.099976,1360.0,1328.599976,1338.400024,1328.820801,130508.0
2017-11-09,1341.099976,1364.199951,1328.0,1336.849976,1327.28186,220833.0
2017-11-10,1329.0,1354.949951,1329.0,1349.650024,1339.990356,162806.0
2017-11-13,1359.0,1364.0,1337.849976,1340.300049,1330.707275,232971.0
2017-11-14,1343.099976,1350.0,1323.0,1336.949951,1327.381104,176708.0
2017-11-15,1335.75,1360.150024,1323.5,1332.650024,1323.111938,97422.0
2017-11-16,1334.900024,1346.900024,1301.0,1325.050049,1315.566406,183431.0
2017-11-17,1338.0,1357.900024,1333.199951,1345.349976,1335.721069,235413.0
2017-11-20,1348.75,1390.0,1342.050049,1362.449951,1352.698608,493866.0
2017-11-21,1377.0,1383.900024,1347.050049,1357.050049,1347.337402,174648.0
2017-11-22,1357.0,1368.699951,1351.0,1359.300049,1349.571289,404086.0
2017-11-23,1360.0,1360.0,1331.550049,1336.550049,1326.984131,162255.0
2017-11-24,1345.0,1355.25,1332.550049,1345.900024,1336.26709,145619.0
2017-11-27,1350.650024,1350.650024,1313.949951,1329.349976,1319.835571,262240.0
2017-11-28,1328.0,1339.949951,1317.0,1331.050049,1321.523438,292203.0
2017-11-29,1334.0,1337.0,1323.650024,1327.550049,1318.048462,125269.0
2017-11-30,1325.0,1325.900024,1303.949951,1308.0,1298.638428,295388.0
2017-12-01,1318.599976,1318.599976,1271.699951,1277.75,1268.604858,285942.0
2017-12-04,1280.0,1304.0,1261.099976,1296.349976,1287.071777,222819.0
2017-12-05,1299.900024,1299.900024,1278.349976,1290.050049,1280.816895,121011.0
2017-12-06,1285.0,1310.0,1280.5,1299.699951,1290.397705,307307.0
2017-12-07,1304.0,1318.849976,1291.050049,1303.25,1293.922363,271354.0
2017-12-08,1304.949951,1308.0,1293.25,1299.449951,1290.149536,204335.0
2017-12-11,1308.0,1308.0,1290.0,1299.349976,1290.050293,304114.0
2017-12-12,1299.0,1306.0,1293.349976,1299.300049,1290.000732,290210.0
2017-12-13,1288.0,1300.349976,1287.099976,1295.699951,1286.426392,122520.0
2017-12-14,1285.0,1300.0,1277.0,1290.949951,1281.710327,56626.0
2017-12-15,1300.0,1302.0,1290.949951,1299.5,1290.199219,162469.0
2017-12-18,1299.5,1315.900024,1261.400024,1310.150024,1300.772949,131659.0
2017-12-19,1313.900024,1350.0,1311.199951,1346.599976,1336.962036,251699.0
2017-12-20,1347.0,1360.199951,1340.0,1349.800049,1340.139282,216937.0
2017-12-21,1356.0,1366.75,1348.550049,1356.0,1346.2948,201956.0
2017-12-22,1356.0,1368.0,1348.650024,1362.900024,1353.145508,202321.0
2017-12-26,1362.900024,1397.949951,1362.0,1394.25,1384.271118,152754.0
2017-12-27,1399.949951,1419.0,1352.400024,1361.650024,1351.904419,348008.0
2017-12-28,1361.650024,1393.099976,1352.050049,1375.599976,1365.754517,232201.0
2017-12-29,1379.900024,1393.849976,1370.199951,1379.349976,1369.477661,163615.0
2018-01-01,1388.0,1425.0,1368.0,1370.75,1360.939209,68768.0
2018-01-02,1378.900024,1378.900024,1345.0,1352.699951,1343.018433,93223.0
2018-01-03,1365.0,1378.300049,1349.900024,1370.050049,1360.244263,125692.0
2018-01-04,1370.050049,1396.400024,1362.199951,1376.300049,1366.449585,497555.0
2018-01-05,1382.900024,1385.0,1373.300049,1379.300049,1369.428101,130239.0
2018-01-08,1375.0,1390.5,1373.550049,1379.949951,1370.073364,260286.0
2018-01-09,1384.0,1388.949951,1371.150024,1375.550049,1365.704956,327145.0
2018-01-10,1375.099976,1499.0,1375.0,1476.300049,1465.733887,1622051.0
2018-01-11,1464.699951,1464.699951,1421.0,1426.099976,1415.893066,451055.0
2018-01-12,1431.0,1438.949951,1402.0,1432.25,1421.999146,326458.0
2018-01-15,1438.0,1459.349976,1412.550049,1422.050049,1411.872192,425368.0
2018-01-16,1422.349976,1443.949951,1402.0,1412.150024,1402.042969,278149.0
2018-01-17,1406.0,1438.900024,1398.0,1429.0,1418.772339,236691.0
2018-01-18,1440.0,1455.0,1420.0,1439.099976,1428.800049,713977.0
2018-01-19,1455.0,1479.0,1448.449951,1473.650024,1463.102783,457207.0
2018-01-22,1476.699951,1500.0,1470.550049,1483.25,1472.634033,562403.0
2018-01-23,1493.0,1494.199951,1457.550049,1466.199951,1455.706055,256745.0
2018-01-24,1467.0,1475.0,1447.0,1466.400024,1455.904663,226161.0
2018-01-25,1495.75,1495.800049,1431.300049,1440.400024,1430.09082,634762.0
2018-01-29,1440.400024,1458.449951,1388.699951,1400.400024,1390.377075,180621.0
2018-01-30,1405.0,1414.400024,1357.650024,1380.0,1370.123047,278281.0
2018-01-31,1370.25,1395.0,1363.050049,1390.300049,1380.349365,312099.0
2018-02-01,1394.0,1406.849976,1366.800049,1387.300049,1377.37085,419912.0
2018-02-02,1373.599976,1376.0,1320.0,1337.699951,1328.125732,625235.0
2018-02-05,1330.0,1353.0,1303.699951,1341.300049,1331.700073,254172.0
2018-02-06,1301.300049,1323.199951,1295.550049,1300.449951,1300.449951,353150.0
2018-02-07,1329.0,1349.199951,1315.0,1342.550049,1342.550049,316636.0
2018-02-08,1343.0,1352.949951,1328.849976,1341.349976,1341.349976,209186.0
2018-02-09,1334.5,1334.5,1312.050049,1317.650024,1317.650024,137679.0
2018-02-12,1319.900024,1333.949951,1310.0,1325.300049,1325.300049,334133.0
2018-02-14,1325.300049,1349.900024,1317.699951,1325.099976,1325.099976,532033.0
2018-02-15,1332.849976,1335.0,1321.199951,1326.0,1326.0,276499.0
2018-02-16,1329.400024,1332.199951,1312.550049,1317.25,1317.25,268316.0
2018-02-19,1323.400024,1324.400024,1274.099976,1291.599976,1291.599976,293784.0
2018-02-20,1295.0,1305.0,1285.300049,1290.449951,1290.449951,602331.0
2018-02-21,1290.5,1317.699951,1276.25,1308.900024,1308.900024,203255.0
2018-02-22,1298.0,1355.0,1296.25,1332.699951,1332.699951,336796.0
2018-02-23,1337.949951,1339.0,1311.800049,1329.75,1329.75,311096.0
2018-02-26,1339.949951,1346.0,1312.099976,1329.900024,1329.900024,227288.0
2018-02-27,1332.800049,1338.0,1301.75,1330.150024,1330.150024,287506.0
2018-02-28,1319.900024,1328.900024,1293.050049,1304.150024,1304.150024,340399.0
2018-03-01,1300.0,1320.050049,1294.550049,1312.349976,1312.349976,126000.0
2018-03-05,1312.349976,1312.349976,1272.150024,1280.349976,1280.349976,265779.0
2018-03-06,1286.0,1289.099976,1223.699951,1236.150024,1236.150024,370236.0
2018-03-07,1235.0,1262.0,1235.0,1252.949951,1252.949951,366904.0
2018-03-08,1251.849976,1260.0,1232.599976,1250.599976,1250.599976,265227.0
2018-03-09,1260.0,1265.449951,1242.0,1248.699951,1248.699951,321044.0
2018-03-12,1258.699951,1258.699951,1235.25,1238.25,1238.25,153267.0
2018-03-13,1236.0,1255.0,1231.099976,1241.400024,1241.400024,190308.0
2018-03-14,1236.400024,1253.349976,1233.800049,1246.300049,1246.300049,301732.0
2018-03-15,1246.449951,1251.400024,1237.349976,1243.25,1243.25,219190.0
2018-03-16,1237.0,1242.599976,1201.0,1208.5,1208.5,349971.0
2018-03-19,1214.0,1214.0,1180.050049,1199.099976,1199.099976,234108.0
2018-03-20,1196.0,1208.949951,1171.199951,1185.150024,1185.150024,455502.0
2018-03-21,1190.650024,1211.949951,1179.0,1184.650024,1184.650024,222257.0
2018-03-22,1185.0,1193.900024,1167.650024,1180.949951,1180.949951,304192.0
2018-03-23,1168.0,1217.650024,1167.650024,1210.300049,1210.300049,613345.0
2018-03-26,1211.0,1212.0,1188.900024,1198.099976,1198.099976,170423.0
2018-03-27,1207.0,1233.949951,1199.400024,1225.5,1225.5,285748.0
2018-03-28,1230.0,1251.0,1225.5,1245.099976,1245.099976,578746.0
2018-04-02,1245.099976,1250.849976,1230.099976,1241.199951,1241.199951,115410.0
2018-04-03,1242.0,1286.0,1242.0,1263.650024,1263.650024,290967.0
2018-04-04,1264.949951,1277.400024,1217.0,1244.650024,1244.650024,258295.0
2018-04-05,1250.0,1260.900024,1231.800049,1239.800049,1239.800049,254421.0
2018-04-06,1240.0,1271.0,1238.0,1264.300049,1264.300049,101332.0
2018-04-09,1269.0,1273.949951,1253.349976,1261.949951,1261.949951,49964.0
2018-04-10,1267.0,1291.0,1264.699951,1276.699951,1276.699951,297975.0
2018-04-11,1281.900024,1290.0,1271.699951,1278.699951,1278.699951,155993.0
2018-04-12,1280.900024,1297.949951,1258.050049,1295.150024,1295.150024,187962.0
2018-04-13,1296.050049,1313.800049,1276.199951,1298.900024,1298.900024,233657.0
2018-04-16,1300.0,1329.75,1293.0,1324.349976,1324.349976,237201.0
2018-04-17,1326.0,1374.0,1301.199951,1365.550049,1365.550049,384273.0
